Localidad;Departamento;Provincia;Latitud;Longitud;Estado
1° de Mayo;Cainguas;Misiones;-27,16917;-55,027087;Conectado
2 de Mayo _Nucleo 1;Cainguas;Misiones;-27,021666;-54,687641;Conectado
2 de Mayo _Nucleo 2;Cainguas;Misiones;-27,02955696;-54,6641209;Conectado
2 de Mayo _Nucleo 3;Cainguas;Misiones;-27,01233333;-54,60730556;Conectado
20 de Septiembre;Nogoya;Entre Rios;-32,3907222;-59,6615;Conectado
25 de Mayo;Puelen;La Pampa;-37,77376111;-67,72372222;Conectado
25 de Mayo..;25 de Mayo;Buenos Aires;-35,44298056;-60,17478889;Conectado
25 de Mayo..;San Rafael;Mendoza;-34,58383333;-68,53869444;Conectado
9 de Julio;9 de Julio;San Juan;-31,667631;-68,387689;Conectado
9 de Julio..;9 de Julio;Buenos Aires;-35,44068889;-60,8725;Conectado
Aaron Castellanos;General Lopez;Santa Fe;-34,33095278;-62,37058611;Conectado
Abasto Silica;La Plata;Buenos Aires;-34,966463;-58,162949;Conectado
Abra Grande;Banda;Santiago del Estero;-27,29072222;-64,38000278;Conectado
Abra Pampa;Cochinoca;Jujuy;-22,724283;-65,688892;Conectado
Acevedo;Pergamino;Buenos Aires;-33,75574167;-60,43588889;Conectado
Acheral;Monteros;Tucuman;-27,12083333;-65,46833333;Conectado
Adelia Maria;Rio Cuarto;Cordoba;-33,633258;-64,012922;Conectado
Aerolito;Moreno;Santiago del Estero;-27,23277778;-62,37916667;Conectado
Aguada Cecilio;Valcheta;Rio Negro;-40,84866944;-65,84260556;Conectado
Aguada de Guerra;25 de Mayo;Rio Negro;-41,06897222;-68,38026667;Conectado
Aguaray;Gral.J. de San Martin;Salta;-22,23920168;-63,72743385;Conectado
Aguas Blancas;Oran;Salta;-22,73420833;-64,35390833;Conectado
Aguilares;Rio Chico;Tucuman;-27,42501667;-65,604125;Conectado
Agustin Roca;Junin;Buenos Aires;-34,508096;-60,871035;Conectado
Agustina;Junin;Buenos Aires;-34,460904;-61,064061;Conectado
Aimogasta;Arauco;La Rioja;-28,56672778;-66,798025;Conectado
Alberdi Viejo;Leandro N. Alem;Buenos Aires;-34,44194444;-61,84444444;Conectado
Alcaraz _Pueblo Arrua;La Paz;Entre Rios;-31,4546389;-59,59380556;Conectado
Alcira Gigena;Rio Cuarto;Cordoba;-32,7538474;-64,34025712;Conectado
Aldea Asuncion;Gualeguay;Entre Rios;-32,8293083;-59,22663333;Conectado
Aldea Brasilera;Diamante;Entre Rios;-31,89194444;-60,58544444;Conectado
Aldea Maria Luisa;Parana;Entre Rios;-31,88480103;-60,41149878;Conectado
Aldea Protestante;Diamante;Entre Rios;-32,02838889;-60,56577778;Conectado
Aldea Salto;Diamante;Entre Rios;-31,92641667;-60,54625;Conectado
Aldea San Antonio;Gualeguaychu;Entre Rios;-32,624134;-58,70305;Conectado
Aldea San Francisco;Diamante;Entre Rios;-31,96191667;-60,63581389;Conectado
Aldea San Isidro;Federal;Entre Rios;-30,9728611;-58,99875;Conectado
Aldea San Juan;Gualeguaychu;Entre Rios;-32,6975;-58,76741667;Conectado
Aldea San Rafael;Parana;Entre Rios;-31,95757778;-60,25404167;Conectado
Aldea Santa Maria;Parana;Entre Rios;-31,610125;-60,00409722;Conectado
Aldea Santa Rosa;Parana;Entre Rios;-32,01350556;-60,24024167;Conectado
Aldea Spatzenkutter;Diamante;Entre Rios;-31,94675833;-60,58180278;Conectado
Aldea Valle Maria;Diamante;Entre Rios;-31,98661389;-60,58496944;Conectado
Alfredo Demarchi _Est F Quiroga;9 de Julio;Buenos Aires;-35,29379722;-61,40713333;Conectado
Algarrobo del Aguila;Chical Co;La Pampa;-36,39905;-67,14587778;Conectado
Alhuampa;Moreno;Santiago del Estero;-27,12833333;-62,54777778;Conectado
Almafuerte.;Tercero Arriba;Cordoba;-32,19078889;-64,26303611;Conectado
Alpasinche;San Blas de Los Sauces;La Rioja;-28,31984167;-67,0532;Conectado
Altamirano Sur;Tala;Entre Rios;-32,095295;-59,1749;Conectado
Alto Rio Senguer;Rio Senguer;Chubut;-45,036475;-70,812069;Conectado
Alto Verde;Chicligasta;Tucuman;-27,37726944;-65,60968056;Conectado
Alvear;Rosario;Santa Fe;-33,06145847;-60,61597656;Conectado
Amadores;Paclin;Catamarca;-28,261783;-65,637833;Conectado
Amaicha del Valle;Tafi del Valle;Tucuman;-26,59608611;-65,91938056;Conectado
Amenabar;General Lopez;Santa Fe;-34,13546944;-62,41722222;Conectado
America;Rivadavia;Buenos Aires;-35,494459;-62,970023;Conectado
Angastaco;San Carlos;Salta;-25,692875;-66,16695278;Conectado
Angulos;Famatina;La Rioja;-28,655415;-67,650033;Conectado
Animana;San Carlos;Salta;-25,967294;-65,947442;Conectado
Antaje;Banda;Santiago del Estero;-27,6245;-64,25322222;Conectado
Antelo;Victoria;Entre Rios;-32,533375;-60,03477778;Conectado
Añatuya;General Taboada;Santiago del Estero;-28,4642448;-62,83943156;Conectado
Aranguren;Nogoya;Entre Rios;-32,24448611;-60,155875;Conectado
Arbilla;Rosario;Santa Fe;-33,103814;-60,703158;Conectado
Arcadia;Chicligasta;Tucuman;-27,30694848;-65,57606749;Conectado
Ardiles;Banda;Santiago del Estero;-27,41264167;-64,49995833;Conectado
Argerich;Villarino;Buenos Aires;-38,77061;-62,601599;Conectado
Ariel;Azul;Buenos Aires;-36,53180278;-59,92035833;Conectado
Aristobulo del Valle;Cainguas;Misiones;-27,10326667;-54,89213333;Conectado
Armstrong;Belgrano;Santa Fe;-32,77441605;-61,61182415;Conectado
Arocena;San Jeronimo;Santa Fe;-32,07926111;-60,97875556;Conectado
Arraga;;Santiago del Estero;-28,04970833;-64,22378056;Conectado
Arrayanal;San Pedro;Jujuy;-24,17766667;-64,84009444;Conectado
Arrecifes ;Arrecifes;Buenos Aires;-34,06392883;-60,07180956;Conectado
Arribeños;General Arenales;Buenos Aires;-34,208346;-61,35876;Conectado
Arroyito;San Justo;Cordoba;-31,415964;-63,044611;Conectado
Arroyito.;Confluencia;Neuquen;-39,07191944;-68,56725278;Conectado
Arroyo Corto;Saavedra;Buenos Aires;-37,51449676;-62,31076809;Conectado
Arroyo de La Cruz;Exhaltacion de la Cruz;Buenos Aires;-34,34013645;-59,11324909;Conectado
Arroyo Dulce;Salto;Buenos Aires;-34,09362778;-60,41030278;Conectado
Arroyo Seco;Rosario;Santa Fe;-33,16727778;-60,52825;Conectado
Arrufo;San Cristobal;Santa Fe;-30,23163889;-61,72727778;Conectado
Ataliva;Castellanos;Santa Fe;-30,99839452;-61,43187315;Conectado
Ataliva Roca;Utracan;La Pampa;-37,03036667;-64,29124722;Conectado
Avellaneda..;Ischilin;Cordoba;-30,595061;-64,20645;Conectado
Averias;General Taboada;Santiago del Estero;-28,74518333;-62,449725;Conectado
Avia Terai;Independencia;Chaco;-26,686306;-60,729694;Conectado
Ayacucho;Ayacucho;Buenos Aires;-37,14957222;-58,47072222;Conectado
Azcuenaga;San Andres de Giles;Buenos Aires;-34,36307825;-59,37655399;Conectado
Azucena;San Andres de Giles;Buenos Aires;-37,48694167;-59,293325;Conectado
Azul;Azul;Buenos Aires;-36,76994444;-59,85005556;Conectado
Bahia Blanca;Bahia Blanca;Buenos Aires;-38,75124167;-62,28297222;Conectado
Bahia Blanca.;Bahia Blanca;Buenos Aires;-38,75124167;-62,28297222;Conectado
Baigorrita;General Viamonte;Buenos Aires;-34,74771111;-60,98280833;Conectado
Bajada del Agrio;Picunches;Neuquen;-38,40473333;-70,02648611;Conectado
Bajo Caracoles II;Rio Chico;Santa Cruz;-47,44512222;-70,92744444;Conectado
Bajo Carrizal;Famatina;La Rioja;-28,888795;-67,563648;Conectado
Balcarce;Balcarce;Buenos Aires;-37,84979167;-58,24926111;Conectado
Ballesteros;Union;Cordoba;-32,544244;-62,975397;Conectado
Balneario Laguna de Gomez;Junin;Buenos Aires;-34,65590556;-61,0193;Conectado
Bananal;Ledesma;Jujuy;-23,56561111;-64,50236111;Conectado
Bandera;Belgrano;Santiago del Estero;-28,88791667;-62,26744444;Conectado
Bandera Bajada;Figueroa;Santiago del Estero;-27,276667;-63,509722;Conectado
Banderalo;General Villegas;Buenos Aires;-35,01091667;-63,37183333;Conectado
Bañado de Soto;Cruz del Eje;Cordoba;-30,794461;-65,052825;Conectado
Baradero;Baradero;Buenos Aires;-33,810287;-59,50957;Conectado
Barcena;Tumbaya;Jujuy;-23,982475;-65,452911;Conectado
Barda del Medio;General Roca;Rio Negro;-38,72412222;-68,16301389;Conectado
Bardas Blancas;Malargüe;Mendoza;-35,86848611;-69,80525833;Conectado
Barrancas;San Jeronimo;Santa Fe;-32,23239444;-60,99059444;Conectado
Barrancas (ex Las Juntas);Belen;Catamarca;-28,103884;-65,899651;Conectado
Barrancas.;Pehuenches;Neuquen;-36,82359167;-69,91165278;Conectado
Barrio Alto del Olvido;Lavalle;Mendoza;-32,668533;-68,583604;Conectado
Barrio Casa Rosada;Famailla;Tucuman;-27,04634722;-65,4272;Conectado
Barrio Colinas Verdes;General Pueyrredon;Buenos Aires;-37,89308889;-57,82196944;Conectado
Barrio Colonia Conesa;Conesa;Rio Negro;-40,151051;-64,353325;Conectado
Barrio El Coyunco;General Pueyrredon;Buenos Aires;-37,91791944;-57,74728056;Conectado
Barrio El Pilar;Bariloche;Rio Negro;-41,17068333;-71,33728333;Conectado
Barrio El Portal cambia por Ing. Fronteritas;Famailla;Tucuman;-27,03670894;-65,39213814;Conectado
Barrio El Taladro;Cañuelas;Buenos Aires;-35,0715;-58,86511111;Conectado
Barrio Jocoli II;Lavalle;Mendoza;-32,650868;-68,660069;Conectado
Barrio Justo P. Castro Iv;Caucete;San Juan;-31,627767;-68,302285;Conectado
Barrio La Gloria;General Pueyrredon;Buenos Aires;-37,90758889;-57,78501111;Conectado
Barrio La Palmera;Lavalle;Mendoza;-32,72149722;-68,56055278;Conectado
Barrio La Pega;Lavalle;Mendoza;-32,80666667;-68,66527778;Conectado
Barrio La Union;El Carmen;Jujuy;-24,40512778;-65,06995;Conectado
Barrio Lomas Altas;Chascomus;Buenos Aires;-35,58551111;-58,06786667;Conectado
Barrio Martinez Saravia;Gral.J. de San Martin;Salta;-22,57591111;-63,80631667;Conectado
Barrio Mitre;;Santa Fe;-33,25204167;-60,38819444;Conectado
Barrio Sadop;San Martin;San Juan;-31,5349666;-68,3983333;Conectado
Barrio Santa Paula;General Pueyrredon;Buenos Aires;-37,93163056;-57,68613889;Conectado
Barrio Virgen del Rosario;Lavalle;Mendoza;-32,70246667;-68,313;Conectado
Barrios;Yavi;Jujuy;-22,24627796;-65,52787171;Conectado
Bartolome de las Casas;Patiño;Formosa;-25,40875889;-59,57087908;Conectado
Basavilbaso;Uruguay;Entre Rios;-32,37117222;-58,87845833;Conectado
Belen;Belen;Catamarca;-27,64672222;-67,02038889;Conectado
Bell Ville;Union;Cordoba;-32,612997;-62,694325;Conectado
Bella Italia;Castellanos;Santa Fe;-31,28253584;-61,40937088;Conectado
Bella Vista;Bella Vista;Corrientes;-28,517925;-59,03736111;Conectado
Bellocq;Carlos Casares;Buenos Aires;-35,919598;-61,534026;Conectado
Beltran;Robles;Santiago del Estero;-27,82890278;-64,06425556;Conectado
Benavidez;Tigre;Buenos Aires;-34,41083333;-58,72027778;Conectado
Benito Juarez;Benito Juarez;Buenos Aires;-37,67955556;-59,81016667;Conectado
Berdier;Salto;Buenos Aires;-34,39888889;-60,25111111;Conectado
Bermudez;Lincoln;Buenos Aires;-34,69230556;-61,32461111;Conectado
Bernardo de Irigoyen;Gral. Manuel Belgrano;Misiones;-26,25511944;-53,64576944;Conectado
Berrotaran;Rio Cuarto;Cordoba;-32,449162;-64,393537;Conectado
Berutti;Trenque Lauquen;Buenos Aires;-35,85957778;-62,51339722;Conectado
Betbeder;Nogoya;Entre Rios;-32,373275;-59,92775556;Conectado
Bocayuva;Pellegrini;Buenos Aires;-36,2045;-63,07622222;Conectado
Bonpland;Paso de Los Libres;Corrientes;-29,81708333;-57,42736111;Conectado
Bovril;La Paz;Entre Rios;-31,34015;-59,43371944;Conectado
Bowen;General Alvear;Mendoza;-34,99286111;-67,51236111;Conectado
Bower;Santa Maria;Cordoba;-31,557942;-64,193089;Conectado
Bragado;Bragado;Buenos Aires;-35,12833333;-60,47111111;Conectado
Bulnes;Rio Cuarto;Cordoba;-33,501514;-64,678982;Conectado
Bustinza;Iriondo;Santa Fe;-32,73511944;-61,29375278;Conectado
Buta Ranquil;Pehuenches;Neuquen;-37,05138611;-69,87720278;Conectado
Caa - Yari;Leandro N. Alem;Misiones;-27,485512;-55,299521;Conectado
Cachi;Cachi;Salta;-25,12087222;-66,15459444;Conectado
Cafayate;Cafayate;Salta;-26,0725;-65,98448889;Conectado
Caimancito;Ledesma;Jujuy;-23,740333;-64,602333;Conectado
Calabacilla;Concordia;Entre Rios;-31,50665833;-58,13470556;Conectado
Caleta Olivia;Deseado;Santa Cruz;-46,45789722;-67,51471667;Conectado
Calilegua;Ledesma;Jujuy;-23,77252778;-64,776;Conectado
Campamento Vespucio;Gral.J. de San Martin;Salta;-22,58495278;-63,85387778;Conectado
Campamento Vialidad Nacional;Caleu Caleu;La Pampa;-38,38843889;-64,07326667;Conectado
Campana;Campana;Buenos Aires;-34,18055556;-58,96888889;Conectado
Campanas;Famatina;La Rioja;-28,556084;-67,617573;Conectado
Campichuelo;Gral.J. de San Martin;Salta;-23,10823056;-63,99715;Conectado
Campo de Herrera;Famailla;Tucuman;-27,02831944;-65,34786111;Conectado
Campo Gallo;Alberdi;Santiago del Estero;-26,58194444;-62,84416667;Conectado
Campo Grande;Cainguas;Misiones;-27,214249;-54,975396;Conectado
Campo Ramon;Obera;Misiones;-27,457705;-55,022584;Conectado
Campo Viera;Obera;Misiones;-27,33061158;-55,05184845;Conectado
Canal 5 Puerto Iguazu;Puerto Iguazu;Misiones;-25,609138;-54,573938;Conectado
Cangrejillos;Yavi;Jujuy;-22,42572222;-65,58213889;Conectado
Cañada de Gomez;Iriondo;Santa Fe;-32,81630556;-61,41252778;Conectado
Cañada Escobar;Banda;Santiago del Estero;-27,708472;-64,027861;Conectado
Cañada Ombu;Vera;Santa Fe;-28,308;-59,98211111;Conectado
Cañada Seca;General Villegas;Buenos Aires;-34,41813889;-62,95777778;Conectado
Cañada Xii;Formosa;Formosa;-25,88162778;-58,08538611;Conectado
Cañadon Seco;Deseado;Santa Cruz;-46,56157222;-67,60674444;Conectado
Cañuelas;Cañuelas;Buenos Aires;-35,025225;-58,73272778;Conectado
Capayan;Capayan;Catamarca;-28,760092;-66,048739;Conectado
Capiazuti;Gral.J. de San Martin;Salta;-22,20186944;-63,71677778;Conectado
Capilla de Los Remedios;Rio Primero;Cordoba;-31,42955833;-63,83223056;Conectado
Capilla del Señor;Exaltacion de La Cruz;Buenos Aires;-34,29258889;-59,10114444;Conectado
Capitan Bermudez;San Lorenzo;Santa Fe;-32,82208889;-60,71730278;Conectado
Capitan Juan Page;Rivadavia;Salta;-23,68649167;-62,37581111;Conectado
Capitan Sarmiento;Capitan Sarmiento;Buenos Aires;-34,17188611;-59,79345;Conectado
Carboncito;Gral.J. de San Martin;Salta;-23,23348611;-63,76795;Conectado
Carcaraña;San Lorenzo;Santa Fe;-32,8566111;-61,1517777;Conectado
Cardenal Cagliero;Patagones;Buenos Aires;-40,65080556;-62,75411111;Conectado
Carhue;Adolfo Alsina;Buenos Aires;-37,18036111;-62,76183889;Conectado
Carlos Keen;Lujan;Buenos Aires;-34,48888889;-59,2175;Conectado
Carlos Maria Naon;9 de Julio;Buenos Aires;-35,23848167;-60,824309;Conectado
Carlos Tejedor;Carlos Tejedor;Buenos Aires;-35,390125;-62,41308333;Conectado
Carmen de Areco;Carmen de Areco;Buenos Aires;-34,38752778;-59,82036389;Conectado
Carmen de Patagones;Patagones;Buenos Aires;-40,78720833;-62,96825278;Conectado
Carmensa;General Alvear;Mendoza;-35,14803889;-67,65320556;Conectado
Carnerillo;Juarez Celman;Cordoba;-32,91162862;-64,02265127;Conectado
Caseros;Uruguay;Entre Rios;-32,46175;-58,47422222;Conectado
Caseros Centro;Santa Maria;Cordoba;-31,56156389;-64,14769722;Conectado
Casira;Santa Catalina;Jujuy;-21,97830556;-65,89527222;Conectado
Caspichango;Santa Maria;Catamarca;-26,732878;-65,952222;Conectado
Castilla;Chacabuco;Buenos Aires;-34,61167778;-59,89820833;Conectado
Catriel;General Roca;Rio Negro;-37,88302222;-67,80406389;Conectado
Catrilo;Catrilo;La Pampa;-36,407925;-63,41604444;Conectado
Caucete;Caucete;San Juan;-31,64344444;-68,28632778;Conectado
Cazon;Saladillo;Buenos Aires;-35,57500833;-59,66033611;Conectado
Ceibalito;Anta;Salta;-25,110144;-64,274592;Conectado
Centenario;Confluencia;Neuquen;-38,83250833;-68,12815833;Conectado
Ceres;San Cristobal;Santa Fe;-29,86397222;-61,94908333;Conectado
Cerrito;Parana;Entre Rios;-31,57397778;-60,07709167;Conectado
Cerro Azul;Leandro N. Alem;Misiones;-27,63339167;-55,49644722;Conectado
Cerro Negro;Tinogasta;Catamarca;-28,259194;-67,135444;Conectado
Chacabuco;Chacabuco;Buenos Aires;-34,62842222;-60,46585278;Conectado
Chajan;Rio Cuarto;Cordoba;-33,55332896;-65,00178909;Conectado
Chajari;Federacion;Entre Rios;-30,75574444;-57,98850556;Conectado
Chalican;Ledesma;Jujuy;-24,06906667;-64,80698889;Conectado
Chamical;Chamical;La Rioja;-30,36708333;-66,31252778;Conectado
Chañar;General Belgrano;La Rioja;-30,538797;-65,956731;Conectado
Chañar Punco;Santa Maria;Catamarca;-26,709442;-66,066752;Conectado
Chañarmuyo;Famatina;La Rioja;-28,606522;-67,585758;Conectado
Charadai;Tapenaga;Chaco;-27,65433056;-59,86046667;Conectado
Chascomus;Chascomus;Buenos Aires;-35,5737361;-58,0189694;Conectado
Chasico;Tornquist;Buenos Aires;-38,335817;-62,644858;Conectado
Chaupi Pozo;Banda;Santiago del Estero;-27,50829167;-64,42110556;Conectado
Chepes;Rosario Vera Peñaloza;La Rioja;-31,34456667;-66,57688611;Conectado
Chilecito;San Carlos;Mendoza;-33,88847222;-69,06914167;Conectado
Chilecito.;Chilecito;La Rioja;-29,16338787;-67,49784005;Conectado
Chivilcoy;Chivilcoy;Buenos Aires;-34,91888889;-59,99333333;Conectado
Chorriaca;Loncopue;Neuquen;-37,93418889;-70,071025;Conectado
Chos Malal;Chos Malal;Neuquen;-37,36697628;-70,26355993;Conectado
Chucul;Rio Cuarto;Cordoba;-33,010791;-64,1704097;Conectado
Chucul Silica;Rio Cuarto;Cordoba;-33,019067;-64,183133;Conectado
Chumbicha;Capayan;Catamarca;-28,8570138;-66,2354666;Conectado
Chuña;Ischilin;Cordoba;-30,46912222;-64,66612222;Conectado
Cienaga de Paicone;Santa Catalina;Jujuy;-22,17846474;-66,41340328;Conectado
Cieneguillas;Santa Catalina;Jujuy;-22,1008;-65,86648333;Conectado
Clemente Onelli;25 de Mayo;Rio Negro;-41,24585603;-70,03183341;Conectado
Clodomira;Banda;Santiago del Estero;-27,57498333;-64,13175278;Conectado
Clorinda;Pilcomayo;Formosa;-25,28840833;-57,72604444;Conectado
Colalao del Valle;Tafi del Valle;Tucuman;-26,36103889;-65,9561;Conectado
Colmena;Vera;Santa Fe;-28,7584722;-60,0881388;Conectado
Colon;Colon;Buenos Aires;-33,89786336;-61,09956051;Conectado
Colonia Aborigen;25 de Mayo;Chaco;-26,956367;-60,203231;Conectado
Colonia Benitez;1º de Mayo;Chaco;-27,332506;-58,946917;Conectado
Colonia Bossi;San Cristobal;Santa Fe;-30,66908056;-61,78906944;Conectado
Colonia Cello;Castellanos;Santa Fe;-31,43030556;-61,84154167;Conectado
Colonia del Valle;Capayan;Catamarca;-28,653058;-65,868058;Conectado
Colonia El Simbolar;Robles;Santiago del Estero;-27,71413333;-63,86821667;Conectado
Colonia Ensayo;Diamante;Entre Rios;-31,86516667;-60,57591667;Conectado
Colonia Julia y Echarren;Pichi Mahuida;Rio Negro;-39,03535278;-64,02580278;Conectado
Colonia Las Heras;Deseado;Santa Cruz;-46,54363611;-68,90773333;Conectado
Colonia Mayo-Barrio Milagrosa;Cruz Alta;Tucuman;-26,8366055;-64,9905916;Conectado
Colonia Nueva Coneta;Capayan;Catamarca;-28,579003;-65,834958;Conectado
Colonia Peña;Federacion;Entre Rios;-30,80135;-58,18826389;Conectado
Colonia Popular;Libertad;Chaco;-27,276111;-59,148694;Conectado
Colonia Raquel;Castellanos;Santa Fe;-30,83630556;-61,49011389;Conectado
Colonia San Jose;Tilcara;Jujuy;-23,3936667;-65,345508;Conectado
Colonia San Martin;Saavedra;Buenos Aires;-37,97597615;-62,33279726;Conectado
Colonia Santa Maria.;Federacion;Entre Rios;-30,61268889;-58,17001944;Conectado
Colonia Santa Maria..;Utracan;La Pampa;-37,49518611;-64,22837778;Conectado
Colonia Santa Rosa;Oran;Salta;-23,39358611;-64,41942222;Conectado
Colonia Wanda;Iguazu;Misiones;-25,97164722;-54,56123611;Conectado
Comallo;Pilcaniyeu;Rio Negro;-41,03466389;-70,26398056;Conectado
Comandante Andresito;Gral. Manuel Belgrano;Misiones;-25,67647222;-54,04119444;Conectado
Concepcion;Chicligasta;Tucuman;-27,34515438;-65,58824982;Conectado
Concepcion del Bermejo;Almirante Brown;Chaco;-26,599389;-60,948417;Conectado
Concepcion del Uruguay;Uruguay;Entre Rios;-32,48446389;-58,25335;Conectado
Concordia;Concordia;Entre Rios;-31,38165833;-58,01830556;Conectado
Condor Huasi;Belen;Catamarca;-27,495422;-67,095831;Conectado
Conesa;San Nicolas;Buenos Aires;-33,592071;-60,357235;Conectado
Coneta;Capayan;Catamarca;-28,585833;-65,890556;Conectado
Conscripto Bernardi;Federal;Entre Rios;-31,04508333;-59,08746944;Conectado
Coranzuli;Susques;Jujuy;-23,01628234;-66,36539812;Conectado
Cordoba;Capital;Cordoba;-31,43919444;-64,18978056;Conectado
Coronda;San Jeronimo;Santa Fe;-31,96863889;-60,93243056;Conectado
Coronel Baigorria;Rio Cuarto;Cordoba;-32,85049429;-64,36101665;Conectado
Coronel Cornejo;Gral.J. de San Martin;Salta;-22,73898889;-63,81906667;Conectado
Coronel Juan Sola;Rivadavia;Salta;-23,47294444;-62,88200556;Conectado
Coronel Moldes;Rio Cuarto;Cordoba;-33,616438;-64,592501;Conectado
Coronel Rodolfo S. Dominguez;Rosario;Santa Fe;-33,18281389;-60,72248056;Conectado
Coronel Suarez;Coronel Suarez;Buenos Aires;-37,47297222;-61,92690833;Conectado
Corralito;Tercero Arriba;Cordoba;-32,01735154;-64,19924005;Conectado
Correa;Iriondo;Santa Fe;-32,84814863;-61,25543153;Conectado
Corrientes;Capital;Corrientes;-27,4738916;-58,8535194;Conectado
Costa de Araujo;Lavalle;Mendoza;-32,75335556;-68,40745;Conectado
Cote Lai;Tapenaga;Chaco;-27,52838797;-59,57113735;Conectado
Country Club El Casco;Zarate;Buenos Aires;-34,12682778;-59,08610556;Conectado
Coyaguayma;Rinconada;Jujuy;-22,77222222;-66,44111111;Conectado
Crespo;Parana;Entre Rios;-32,04451111;-60,30311944;Conectado
Crotto;Tapalque;Buenos Aires;-36,57603333;-60,17097778;Conectado
Cruce Caballero;San Pedro;Misiones;-26,54238889;-53,94166667;Conectado
Cruz de Los Milagros;Lavalle;Corrientes;-28,83697222;-59,00372222;Conectado
Cruz del Eje;Cruz del Eje;Cordoba;-30,72420556;-64,80055833;Conectado
Cuatro Esquinas;Rosario;Santa Fe;-33,24457778;-60,76273889;Conectado
Cucullu;San Andres de Giles;Buenos Aires;-34,44530833;-59,36046944;Conectado
Curamalal;Coronel Suarez;Buenos Aires;-37,48565;-62,10691667;Conectado
Curaru;Carlos Tejedor;Buenos Aires;-35,64127778;-62,19375;Conectado
Curupayti;San Cristobal;Santa Fe;-30,39494444;-61,65325;Conectado
Cusi Cusi;Santa Catalina;Jujuy;-22,34100899;-66,49245265;Conectado
Daireaux;Daireaux;Buenos Aires;-36,59658333;-61,74971111;Conectado
Dalmacio Velez;Tercero Arriba;Cordoba;-32,612183;-63,578467;Conectado
De Bary;Pellegrini;Buenos Aires;-36,34075;-63,25986111;Conectado
Dean Funes;Ischilin;Cordoba;-30,42289444;-64,35716111;Conectado
Del Carril;Saladillo;Buenos Aires;-35,50838889;-59,51580556;Conectado
Del Viso;Pilar;Buenos Aires;-34,45436111;-58,79658333;Conectado
Delfin Gallo;Cruz Alta;Tucuman;-26,84598889;-65,09426667;Conectado
Derqui;Pilar;Buenos Aires;-34,4913;-58,84225;Conectado
Despeñaderos;Santa Maria;Cordoba;-31,81759444;-64,29596389;Conectado
Desvio Arijon;San Jeronimo;Santa Fe;-31,87219444;-60,88847778;Conectado
Devoto;San Justo;Cordoba;-31,40551389;-62,30051667;Conectado
Diamante;Diamante;Entre Rios;-32,07167778;-60,63232222;Conectado
Diego de Alvear;General Lopez;Santa Fe;-34,37261111;-62,12951111;Conectado
Diego Gaynor;Exaltacion de La Cruz;Buenos Aires;-34,28715839;-59,2212097;Conectado
Dina Huapi;Pilcaniyeu;Rio Negro;-41,074825;-71,168925;Conectado
Don Cristobal;Nogoya;Entre Rios;-32,07224444;-59,9941;Conectado
Don Emilio;San Pedro;Jujuy;-24,31513889;-64,90741111;Conectado
Donadeu;Alberdi;Santiago del Estero;-26,72361111;-62,72416667;Conectado
Dragones;Gral.J. de San Martin;Salta;-23,2470534;-63,3426742;Conectado
Duggan;San Antonio de Areco;Buenos Aires;-34,21148889;-59,63817222;Conectado
Durazno;Tala;Entre Rios;-31,98889722;-59,28122222;Conectado
Egusquiza;Castellanos;Santa Fe;-31,09433333;-61,62680556;Conectado
El Acheral;San Pedro;Jujuy;-24,403414;-64,798362;Conectado
El Arbolito;Colon;Buenos Aires;-33,914387;-60,945069;Conectado
El Bolson;Bariloche;Rio Negro;-41,97290556;-71,52751667;Conectado
El Cabure;Copo;Santiago del Estero;-26,01355278;-62,33858056;Conectado
El Calafate;Lago Argentino;Santa Cruz;-50,33863611;-72,25456944;Conectado
El Chacho;Minas;Cordoba;-30,79963056;-65,65626389;Conectado
El Charco;Jimenez;Santiago del Estero;-27,23038611;-64,70580833;Conectado
El Chocon;Confluencia;Neuquen;-39,26081389;-68,82387222;Conectado
El Cimarron;Federal;Entre Rios;-30,98631142;-58,97818793;Conectado
El Dean;Capital;Santiago del Estero;-27,69189722;-64,35109167;Conectado
El Desmonte;Santa Maria;Catamarca;-26,88487778;-66,09943611;Conectado
El Dorado;Leandro N. Alem;Buenos Aires;-34,64856389;-61,58135;Conectado
El Foyel;Bariloche;Rio Negro;-41,65309167;-71,45965278;Conectado
El Fuertecito;San Justo;Cordoba;-31,40458611;-62,97202778;Conectado
El Galpon;Metan;Salta;-25,38356111;-64,65725;Conectado
El Hoyo;Cushamen;Chubut;-42,06164873;-71,49517054;Conectado
El Juncal;Adolfo Alsina;Rio Negro;-40,80725;-63,12633333;Conectado
El Medano;Jachal;San Juan;-30,12666;-68,682399;Conectado
El Mollar cambia por San Antonio;Tafi del Valle;Tucuman;-26,93918889;-65,70302778;Conectado
El Nihuil;San Rafael;Mendoza;-35,03251205;-68,67622192;Conectado
El Palenque;Parana;Entre Rios;-31,65583056;-60,16800278;Conectado
El Paraiso;Ramallo;Buenos Aires;-33,56727778;-59,98036111;Conectado
El Pingo;Parana;Entre Rios;-31,58163333;-59,89108333;Conectado
El Portezuelo;Valle Viejo;Catamarca;-28,4722222;-65,6361111;Conectado
El Pueblito;Tinogasta;Catamarca;-28,289861;-67,162722;Conectado
El Puesto;San Pedro;Jujuy;-24,19847519;-64,78960429;Conectado
El Quebrachal;Anta;Salta;-25,33558333;-64,01981111;Conectado
El Rincon;Caucete;San Juan;-31,6651166;-68,3200833;Conectado
El Salado;Tinogasta;Catamarca;-28,304858;-67,246761;Conectado
El Sauzal cambia por Iltico;Rio Hondo;Santiago del Estero;-27,48831111;-64,58200556;Conectado
El Socorro - Villa Angelica;Pergamino;Buenos Aires;-33,66437778;-60,70798056;Conectado
El Solar;La Paz;Entre Rios;-31,1751;-59,73229444;Conectado
El Sombrero;Empedrado;Corrientes;-27,70127778;-58,76213889;Conectado
El Sosneado;San Rafael;Mendoza;-35,07950833;-69,56686111;Conectado
El Talar;Santa Barbara;Jujuy;-23,557972;-64,361167;Conectado
El Tunal;Metan;Salta;-25,25191944;-64,39253889;Conectado
El Vergel;Lavalle;Mendoza;-32,78555556;-68,61277778;Conectado
Elena;Rio Cuarto;Cordoba;-32,568444;-64,397662;Conectado
Embarcacion;Gral.J. de San Martin;Salta;-23,20344167;-64,09765833;Conectado
Emilio Ayarza;Chivilcoy;Buenos Aires;-34,74722;-60,04021;Conectado
Emilio V. Bunge;General Villegas;Buenos Aires;-34,78573889;-63,19333611;Conectado
Empalme Villa Constitucion;Constitucion;Santa Fe;-33,24963889;-60,36963889;Conectado
Empedrado;Empedrado;Corrientes;-27,9530323;-58,80502364;Conectado
Enrique Carbo;Gualeguaychu;Entre Rios;-33,1529916;-59,2115583;Conectado
Epuyen;Cushamen;Chubut;-42,228372;-71,355086;Conectado
Esperanza;Güer Aike;Santa Cruz;-51,0286111;-70,7772444;Conectado
Esperanza.;Las Colonias;Santa Fe;-31,45403056;-60,94433611;Conectado
Esquel;Futaleufu;Chubut;-42,908185;-71,287467;Conectado
Esquina;Esquina;Corrientes;-30,01525;-59,52844444;Conectado
Estacion Araoz;Leales;Tucuman;-27,05952778;-64,9261;Conectado
Estacion Arroyo Cle;Tala;Entre Rios;-32,63466944;-59,40154444;Conectado
Estacion Atamisqui;Atamisqui;Santiago del Estero;-28,492541;-63,938371;Conectado
Estacion Camps;Diamante;Entre Rios;-32,11102778;-60,22819444;Conectado
Estacion Escriña;Gualeguaychu;Entre Rios;-32,594733;-58,905059;Conectado
Estacion Lazo;Gualeguay;Entre Rios;-32,87055556;-59,42205556;Conectado
Estacion Raices;Villaguay;Entre Rios;-31,91;-59,25994444;Conectado
Estacion Saguier;Castellanos;Santa Fe;-31,31637792;-61,695935;Conectado
Estacion Sosa;Parana;Entre Rios;-31,73835556;-59,91006667;Conectado
Estacion Taboada;San Martin;Santiago del Estero;-28,006944;-63,746944;Conectado
Estacion Tacañitas;General Taboada;Santiago del Estero;-28,62479167;-62,60573333;Conectado
Estancia Grande;Concordia;Entre Rios;-31,482037;-58,175501;Conectado
Estancia San Pedro;Uruguay;Entre Rios;-32,34246944;-58,64832778;Conectado
Eugenio Bustos;San Carlos;Mendoza;-33,77418056;-69,060025;Conectado
Famailla;Famailla;Tucuman;-27,054417;-65,404298;Conectado
Famatanca;Santa Maria;Catamarca;-26,778611;-66,082833;Conectado
Faustino M. Parera;Gualeguaychu;Entre Rios;-32,8037;-58,881475;Conectado
Federal;Federal;Entre Rios;-30,943125;-58,78145;Conectado
Fernandez;Robles;Santiago del Estero;-27,92865;-63,88114444;Conectado
Fighiera;Rosario;Santa Fe;-33,19756944;-60,46653333;Conectado
Fontana;San Fernando;Chaco;-27,418097;-59,032583;Conectado
Fontezuela;Pergamino;Buenos Aires;-33,911901;-60,458912;Conectado
Formosa;Formosa;Formosa;-26,20588889;-58,20706389;Conectado
Fortin Inca;Belgrano;Santiago del Estero;-29,12830833;-61,93815556;Conectado
Fortin Tiburcio;Junin;Buenos Aires;-34,34672;-61,132941;Conectado
Fraile Pintado;Ledesma;Jujuy;-23,94307222;-64,80038889;Conectado
Francisco Madero;Pehuajo;Buenos Aires;-35,84960833;-62,06741111;Conectado
Franck;Las Colonias;Santa Fe;-31,5803333;-60,939;Conectado
Franklin;San Andres de Giles;Buenos Aires;-34,60917778;-59,62936111;Conectado
Fray Luis Beltran;San Lorenzo;Santa Fe;-32,78803611;-60,72895278;Conectado
Freitas San Pedro;Federacion;Entre Rios;-30,75515278;-58,07944722;Conectado
Frias;Choya;Santiago del Estero;-28,62827778;-65,12913889;Conectado
Frontera;Castellanos;Santa Fe;-31,43023611;-62,06516944;Conectado
Fuerte Quemado;Santa Maria;Catamarca;-26,62673527;-66,04818923;Conectado
Funes;Rosario;Santa Fe;-32,924025;-60,78891944;Conectado
Gahan;Salto;Buenos Aires;-34,337277;-60,099472;Conectado
Gaona;Anta;Salta;-25,24143333;-64,03605556;Conectado
Garabato;Vera;Santa Fe;-28,954;-60,14113889;Conectado
General Almada;Gualeguaychu;Entre Rios;-32,83676622;-58,80586185;Conectado
General Alvear;General Alvear;Mendoza;-34,98127778;-67,67274167;Conectado
General Alvear.;Diamante;Entre Rios;-31,95069444;-60,67189722;Conectado
General Alvear..;General Alvear;Buenos Aires;-36,021356;-60,002742;Conectado
General Arenales;General Arenales;Buenos Aires;-34,30466349;-61,30566887;Conectado
General Ballivian;Gral.J. de San Martin;Salta;-22,9361;-63,85884722;Conectado
General Belgrano;General Belgrano;Buenos Aires;-35,76403056;-58,48758889;Conectado
General Cabrera;Juarez Celman;Cordoba;-32,808836;-63,859931;Conectado
General Campos;San Salvador;Entre Rios;-31,52683333;-58,40852778;Conectado
General Conesa;Conesa;Rio Negro;-40,10766667;-64,45175;Conectado
General Daniel Cerri;Bahia Blanca;Buenos Aires;-38,715294;-62,402205;Conectado
General Enrique Mosconi;Gral.J. de San Martin;Salta;-22,59518056;-63,80401944;Conectado
General Fotheringham;Tercero Arriba;Cordoba;-32,32371182;-63,86801486;Conectado
General Galarza;Gualeguay;Entre Rios;-32,72915;-59,39337778;Conectado
General Juan Madariaga;General Madariaga;Buenos Aires;-37,00547222;-57,11680556;Conectado
General La Madrid;General La Madrid;Buenos Aires;-37,24506111;-61,25305833;Conectado
General Lagos;Rosario;Santa Fe;-33,11492588;-60,56397786;Conectado
General Levalle;Presidente Roque Saenz Peña;Cordoba;-34,00695;-63,9153;Conectado
General Paz;Colon;Cordoba;-31,13606389;-64,14015;Conectado
General Racedo;Diamante;Entre Rios;-31,98536667;-60,40798333;Conectado
General Ramirez;Diamante;Entre Rios;-32,16919444;-60,19952778;Conectado
General Rivas;Suipacha;Buenos Aires;-34,6082551;-59,74939136;Conectado
General Rodriguez;General Rodriguez;Buenos Aires;-34,60744167;-58,96486944;Conectado
General Rojo;San Nicolas;Buenos Aires;-33,466036;-60,284136;Conectado
General Vedia;Bermejo;Chaco;-26,93564134;-58,66088071;Conectado
General Villegas;General Villegas;Buenos Aires;-35,046734;-63,015294;Conectado
Gilbert;Gualeguaychu;Entre Rios;-32,537125;-58,93338056;Conectado
Gobernador Castro;San Pedro;Buenos Aires;-33,66151389;-59,87133611;Conectado
Gobernador Costa;Tehuelches;Chubut;-44,054711;-70,609203;Conectado
Gobernador Echague;Tala;Entre Rios;-32,39453333;-59,27514167;Conectado
Gobernador Febre;Nogoya;Entre Rios;-32,47481944;-59,91341944;Conectado
Gobernador Gregores;Rio Chico;Santa Cruz;-48,749;-70,24986111;Conectado
Gobernador Lopez;Leandro N. Alem;Misiones;-27,665374;-55,212966;Conectado
Gobernador Mansilla;Tala;Entre Rios;-32,54772222;-59,35452778;Conectado
Gobernador Sola;Tala;Entre Rios;-32,3375;-59,37033333;Conectado
Golondrina;Vera;Santa Fe;-28,55613889;-60,02488889;Conectado
Gonzalez Moreno;Rivadavia;Buenos Aires;-35,55708212;-63,38075156;Conectado
Gorostiaga;Chivilcoy;Buenos Aires;-34,83892;-59,8672;Conectado
Gowland;Mercedes;Buenos Aires;-34,654556;-59,3595;Conectado
Goya;Goya;Corrientes;-29,16084185;-59,24927597;Conectado
Gramilla;Rio Hondo;Santiago del Estero;-27,300475;-64,60953333;Conectado
Gran China;Jachal;San Juan;-30,119466;-68,72957;Conectado
Gran Guardia;Formosa;Formosa;-25,86412778;-58,88882778;Conectado
Granadero Baigorria;Rosario;Santa Fe;-32,86964722;-60,69940833;Conectado
Granadero Gatica;Moreno;Santiago del Estero;-26,87440556;-62,71571667;Conectado
Gualeguay;Gualeguay;Entre Rios;-33,13193611;-59,31715833;Conectado
Gualeguaychu;Gualeguaychu;Entre Rios;-33,01216944;-58,53351944;Conectado
Guamini;Guamini;Buenos Aires;-37,01524167;-62,42320278;Conectado
Guandacol;Coronel Felipe Varela;La Rioja;-29,52594722;-68,55403333;Conectado
Guardamonte;Tala;Entre Rios;-32,08483333;-59,30802778;Conectado
Guardia Escolta;Belgrano;Santiago del Estero;-28,98586667;-62,12839444;Conectado
Guerrero;Dr. Manuel Belgrano;Jujuy;-24,18575;-65,449944;Conectado
Guerrico;Pergamino;Buenos Aires;-33,672828;-60,401365;Conectado
Hasenkamp;Parana;Entre Rios;-31,50705833;-59,83685556;Conectado
Hasse;Moreno;Santiago del Estero;-27,0706;-62,64085556;Conectado
Henderson;Hipolito Yrigoyen;Buenos Aires;-36,29738889;-61,72328611;Conectado
Hernan Mejia Miraval;2 de Abril;Santiago del Estero;-27,17722222;-62,46916667;Conectado
Hernandez;Nogoya;Entre Rios;-32,33327778;-60,02527778;Conectado
Hernando Ciudad;Tercero Arriba;Cordoba;-32,422836;-63,738783;Conectado
Hernando Silica;Tercero Arriba;Cordoba;-32,55386667;-63,5985;Conectado
Herrera;Uruguay;Entre Rios;-32,43439167;-58,63621667;Conectado
Herrera Vegas;Hipolito Yrigoyen;Buenos Aires;-36,086148;-61,408251;Conectado
Hersilia;San Cristobal;Santa Fe;-30,00253791;-61,83776953;Conectado
Hickman;Gral. J. de San Martin;Salta;-23,21189722;-63,56797222;Conectado
Hilario Ascasubi;Villarino;Buenos Aires;-39,37578096;-62,64847398;Conectado
Hinojo ;Olavarria;Buenos Aires;-36,865305;-60,160785;Conectado
Hipolito Yrigoyen (Iturbe);Humahuaca;Jujuy;-22,97903611;-65,35296944;Conectado
Huacalera;Tilcara;Jujuy;-23,43377778;-65,35138889;Conectado
Huaco;Jachal;San Juan;-30,15745;-68,48480556;Conectado
Hualfin;Belen;Catamarca;-27,223389;-66,833444;Conectado
Huancar;Susques;Jujuy;-23,563375;-66,41061111;Conectado
Huaycama 1;Valle Viejo;Catamarca;-28,513931;-65,672817;Conectado
Huillapima;Capayan;Catamarca;-28,724342;-65,976894;Conectado
Humahuaca;Humahuaca;Jujuy;-23,20077222;-65,35190833;Conectado
Humboldt;Las Colonias;Santa Fe;-31,40010833;-61,08138056;Conectado
Huyamampa;Banda;Santiago del Estero;-27,38525278;-64,29497222;Conectado
Ibarreta;Patiño;Formosa;-25,21574167;-59,85787222;Conectado
Iltico;Chicligasta;Tucuman;-27,33415;-65,643;Conectado
Ing. Guillermo N. Juarez;Matacos;Formosa;-23,89759722;-61,85263333;Conectado
Ingeniero Forres;Robles;Santiago del Estero;-27,87092778;-63,97148889;Conectado
Ingeniero Gustavo Andre;Lavalle;Mendoza;-32,67673611;-68,31643611;Conectado
Ingeniero Jacobacci;25 de Mayo;Rio Negro;-41,33452778;-69,53122222;Conectado
Ingeniero Miguel Sajaroff;Villaguay;Entre Rios;-31,95608333;-58,84758333;Conectado
Ingeniero Thompson;Tres Lomas;Buenos Aires;-36,611728;-62,914335;Conectado
Intiyaco;Vera;Santa Fe;-28,68022222;-60,06902778;Conectado
INVAP;Bariloche;Rio Negro;-41,138025;-71,282162;Conectado
Irala;Bragado;Buenos Aires;-34,7726194;-60,6908111;Conectado
Irazusta;Gualeguaychu;Entre Rios;-32,9275;-58,956;Conectado
Iriarte;General Pinto;Buenos Aires;-34,41622778;-61,928475;Conectado
Ituzaingo;Ituzaingo;Corrientes;-27,5852222;-56,69122222;Conectado
Jacipunco;Belen;Catamarca;-27,242214;-67,005042;Conectado
Jaime Prats;San Rafael;Mendoza;-34,91158611;-67,81687222;Conectado
Jesus Maria;Colon;Cordoba;-30,9861498;-64,08999883;Conectado
Joaquin V. Gonzalez;Anta;Salta;-25,12123889;-64,12917222;Conectado
Jocoli;Las Heras;Mendoza;-32,581314;-68,665292;Conectado
Jorge Born Ex Tomas Jofre;Mercedes;Buenos Aires;-34,70049972;-59,31645255;Conectado
Jose de San Martin;Tehuelches;Chubut;-44,049031;-70,476822;Conectado
Josefina;Castellanos;Santa Fe;-31,40432817;-61,99078971;Conectado
Juan A. de La Peña;Pergamino;Buenos Aires;-33,830587;-60,487968;Conectado
Juan A. Pradere;Patagones;Buenos Aires;-39,60130556;-62,65047222;Conectado
Juan Anchorena;Pergamino;Buenos Aires;-33,925028;-60,382051;Conectado
Juan Bautista Alberdi;Leandro N. Alem;Buenos Aires;-34,4379944;-61,8098167;Conectado
Juan Bautista Alberdi;Paclin;Tucuman;-27,595528;-65,609583;Conectado
Juan Jorba;General Pedernera;San Luis;-33,61403611;-65,27245278;Conectado
Juan Jose Paso;Pehuajo;Buenos Aires;-35,85516231;-62,29805568;Conectado
Juan Pujol;Monte Caseros;Corrientes;-30,41752222;-57,85645556;Conectado
Jubileo;Villaguay;Entre Rios;-31,73344444;-58,63352778;Conectado
Juella;Tilcara;Jujuy;-23,513889;-65,411222;Conectado
Junin;Junin;Buenos Aires;-34,56901944;-60,93161111;Conectado
Junin de Los Andes;Huiliches;Neuquen;-39,94407778;-71,08159722;Conectado
Justo Daract;General Pedernera;San Luis;-33,85925833;-65,18145278;Conectado
Kilometro 115;Vera;Santa Fe;-28,82552778;-60,22394444;Conectado
Kilometro 658;Rio Primero;Cordoba;-31,37046825;-63,53287555;Conectado
Koluel Kaike;Deseado;Santa Cruz;-46,71786389;-68,21626389;Conectado
La Adela;Caleu Caleu;La Pampa;-38,97763056;-64,10068611;Conectado
La Aurora;9 de Julio;Buenos Aires;-35,408035;-61,207458;Conectado
La Aurora;Banda;Santiago del Estero;-27,49713889;-64,23094444;Conectado
La Bajada;Paclin;Catamarca;-28,381619;-65,620669;Conectado
La Banda;Banda;Santiago del Estero;-27,75972222;-64,25972222;Conectado
La Buitrera;Picunches;Neuquen;-38,55124167;-70,37182222;Conectado
La Cañada;Figueroa;Santiago del Estero;-27,70979167;-63,77120556;Conectado
La Carolina;Rosario;Santa Fe;-33,076256;-60,695633;Conectado
La Cocha;La Cocha;Tucuman;-27,76618611;-65,58397222;Conectado
La Colina;General La Madrid;Buenos Aires;-37,360116;-61,540074;Conectado
La Criolla;Concordia;Entre Rios;-31,26883333;-58,11322222;Conectado
La Darsena;Banda;Santiago del Estero;-27,69827778;-64,28813889;Conectado
La Emilia;San Nicolas;Buenos Aires;-33,353608;-60,313197;Conectado
La Escondida;General Donovan;Chaco;-27,104167;-59,446389;Conectado
La Esperanza;San Pedro;Jujuy;-24,227458;-64,841081;Conectado
La Francia;San Justo;Cordoba;-31,40524167;-62,63394444;Conectado
La Gallareta;Vera;Santa Fe;-29,58494167;-60,36773333;Conectado
La Gloria;Catrilo;La Pampa;-36,50798056;-63,74058056;Conectado
La Intermedia;Yavi;Jujuy;-22,42394444;-65,70186111;Conectado
La Leonesa GNA;Bermejo;Chaco;-27,038889;-58,706944;Conectado
La Llave Nueva;San Rafael;Mendoza;-34,63834912;-68,00339614;Conectado
La Luisa;Capitan Sarmiento;Buenos Aires;-34,13006667;-59,93204167;Conectado
La Mendieta;San Pedro;Jujuy;-24,31330786;-64,96585425;Conectado
La Merced;Paclin;Catamarca;-28,153925;-65,660364;Conectado
La Paz;La Paz;Entre Rios;-30,73535;-59,63423611;Conectado
La Picada;Parana;Entre Rios;-31,72625;-60,29427778;Conectado
La Plata;La Plata;Buenos Aires;-34,94259167;-57,97458056;Conectado
La Poma;La Poma;Salta;-24,72485556;-66,20116389;Conectado
La Puntilla;Belen;Catamarca;-27,68553545;-66,99396451;Conectado
La Quiaca;Yavi;Jujuy;-22,10578611;-65,59119167;Conectado
La Reduccion;Lules;Tucuman;-26,96237419;-65,35401505;Conectado
La Rica;Chivilcoy;Buenos Aires;-34,97243244;-59,86162235;Conectado
La Rioja;Capital;La Rioja;-29,42622778;-66,87326389;Conectado
La Rubia;San Cristobal;Santa Fe;-30,1113388;-61,7928666;Conectado
La Sabana;Tapenaga;Chaco;-27,871444;-59,938389;Conectado
La Torre - El Chiflon;Independencia;La Rioja;-30,20471667;-67,60233056;Conectado
La Viña;Paclin;Catamarca;-28,03724065;-65,59662627;Conectado
Laboulaye;Presidente Roque Saenz Peña;Cordoba;-34,12267222;-63,39315278;Conectado
Lago Epuyen;Cushamen;Chubut;-42,218335;-71,416638;Conectado
Lago Puelo;Cushamen;Chubut;-42,02600217;-71,54626756;Conectado
Laguna Alsina;Guamini;Buenos Aires;-36,807011;-62,250944;Conectado
Laguna Blanca;Libertad;Chaco;-27,25429271;-59,23275471;Conectado
Laguna de Lobos;Lobos;Buenos Aires;-35,274742;-59,134056;Conectado
Laguna del Pescado;Victoria;Entre Rios;-32,68591667;-60,01425;Conectado
Laguna Larga;Rio Segundo;Cordoba;-31,77523889;-63,79956111;Conectado
Laguna Vitel;Chascomus;Buenos Aires;-35,54325;-58,137444;Conectado
Laguna Yema;Bermejo;Formosa;-24,25404167;-61,24861389;Conectado
Lapachito;General Donovan;Chaco;-27,15928936;-59,38765397;Conectado
Laplacette;Junin;Buenos Aires;-34,720701;-61,155771;Conectado
Laprida;Laprida;Buenos Aires;-37,546806;-60,812333;Conectado
Laprida;Choya;Santiago del Estero;-28,37824444;-64,52881111;Conectado
Larroque;Gualeguaychu;Entre Rios;-33,04352778;-58,99761111;Conectado
Las Armas;Maipu;Buenos Aires;-37,0842;-57,827286;Conectado
Las Bajadas;Calamuchita;Cordoba;-32,094729;-64,330916;Conectado
Las Catitas;Santa Rosa;Mendoza;-33,30418333;-68,04661389;Conectado
Las Chacritas;9 de Julio;San Juan;-31,598029;-68,397763;Conectado
Las Grutas;San Antonio;Rio Negro;-40,80043611;-65,08338333;Conectado
Las Guachas;Tala;Entre Rios;-32,46772222;-59,17319444;Conectado
Las Lajas;Picunches;Neuquen;-38,51986389;-70,36410278;Conectado
Las Lomitas;Patiño;Formosa;-24,713175;-60,59307222;Conectado
Las Malvinas;San Rafael;Mendoza;-34,83206389;-68,25136111;Conectado
Las Mojarras;Santa Maria;Catamarca;-26,673578;-66,057472;Conectado
Las Moscas;Uruguay;Entre Rios;-32,09055556;-58,95808333;Conectado
Las Palmas;Bermejo;Chaco;-27,049133;-58,681158;Conectado
Las Palmeras;San Cristobal;Santa Fe;-30,62661111;-61,62716667;Conectado
Las Parejas;Belgrano;Santa Fe;-32,67821667;-61,53201944;Conectado
Las Perdices;Tercero Arriba;Cordoba;-32,69505;-63,6996;Conectado
Las Rosas;Belgrano;Santa Fe;-32,48498056;-61,57552222;Conectado
Las Talas - Los Medanos;Caucete;San Juan;-31,59445833;-68,27466944;Conectado
Las Toninas;La Costa;Buenos Aires;-36,488492;-56,701869;Conectado
Las Vertientes;Rio Cuarto;Cordoba;-33,286492;-64,580719;Conectado
Las Violetas;Lavalle;Mendoza;-32,82000278;-68,60543889;Conectado
Lavalle;Lavalle;Corrientes;-29,02874688;-59,178505;Conectado
Lazzarino;General Lopez;Santa Fe;-34,165172;-62,42931;Conectado
Leandro N Alem;Leandro N. Alem;Buenos Aires;-34,5226194;-61,3909916;Conectado
Leandro N. Alem;Leandro N. Alem;Misiones;-27,60495;-55,32146667;Conectado
Lehmann;Castellanos;Santa Fe;-31,12332222;-61,44971944;Conectado
Leon;Dr. Manuel Belgrano;Jujuy;-24,03205;-65,432983;Conectado
Leones;Marcos Juarez;Cordoba;-32,67161389;-62,314725;Conectado
Libaros;Uruguay;Entre Rios;-32,26019395;-58,90904752;Conectado
Libertador General San Martin;Ledesma;Jujuy;-23,81651944;-64,79873889;Conectado
Lima;Zarate;Buenos Aires;-34,04135041;-59,19685753;Conectado
Lincoln;Lincoln;Buenos Aires;-34,868833;-61,5125;Conectado
Liviara;Rinconada;Jujuy;-22,51994011;-66,33756891;Conectado
Lobos;Lobos;Buenos Aires;-35,19045;-59,082083;Conectado
Logroño;9 de Julio;Santa Fe;-29,50286111;-61,69683333;Conectado
Lomas del Rio Lujan;Campana;Buenos Aires;-34,281169;-58,891861;Conectado
Londres;Belen;Catamarca;-27,716881;-67,139125;Conectado
Lonquimay;Catrilo;La Pampa;-36,46733611;-63,6236;Conectado
Lopez;Benito Juarez;Buenos Aires;-37,552344;-59,628589;Conectado
Lopez Lecube;Puan;Buenos Aires;-38,117941;-62,725311;Conectado
Loro Huasi;Santa Maria;Catamarca;-26,736158;-66,053408;Conectado
Los Amores;Vera;Santa Fe;-28,10011111;-59,97966667;Conectado
Los Angeles;Chacabuco;Buenos Aires;-34,45546;-60,17889;Conectado
Los Blancos;Rivadavia;Salta;-23,60638333;-62,59499167;Conectado
Los Cardozos;Capital;Santiago del Estero;-27,93183221;-64,19102208;Conectado
Los Catutos;Zapala;Neuquen;-38,83679051;-70,19519292;Conectado
Los Charruas;Concordia;Entre Rios;-31,16891667;-58,18538889;Conectado
Los Condores;Calamuchita;Cordoba;-32,32466742;-64,28291828;Conectado
Los Conquistadores;Federacion;Entre Rios;-30,58986111;-58,46502778;Conectado
Los Frentones;Almirante Brown;Chaco;-26,41154656;-61,40874265;Conectado
Los Helechos;Obera;Misiones;-27,556114;-55,076642;Conectado
Los Menucos;25 de Mayo;Rio Negro;-40,84488056;-68,09294167;Conectado
Los Molinos;Capital;Santa Fe;-33,10555556;-61,33027778;Conectado
Los Molinos.;Calamuchita;Cordoba;-31,854925;-64,37757778;Conectado
Los Nacimientos;Belen;Catamarca;-27,165444;-66,7355;Conectado
Los Nuñez cambia por Concepcion;Rio Hondo;Santiago del Estero;-27,53529167;-64,52753333;Conectado
Los Pinos;Balcarce;Buenos Aires;-37,943169;-58,324894;Conectado
Los Pirpintos;Copo;Santiago del Estero;-26,13309167;-62,07295556;Conectado
Los Pozos;Ischilin;Cordoba;-30,51999444;-64,253675;Conectado
Los Pumas;Vera;Santa Fe;-29,263925;-61,0172194;Conectado
Los Quiroga;Banda;Santiago del Estero;-27,65276389;-64,35201944;Conectado
Los Ralos;Cruz Alta;Tucuman;-26,88589006;-65,007946;Conectado
Los Sarmientos;Rio Chico;Tucuman;-27,41372087;-65,69543989;Conectado
Los Soria;Banda;Santiago del Estero;-27,61852778;-64,37547222;Conectado
Los Tigres;Copo;Santiago del Estero;-25,90975556;-62,59420556;Conectado
Los Toldos;General Viamonte;Buenos Aires;-35,001583;-61,040231;Conectado
Los Zazos;Tafi del Valle;Tucuman;-26,62228333;-65,87195556;Conectado
Loventue;Loventue;La Pampa;-36,18857778;-65,29173611;Conectado
Lozada;Santa Maria;Cordoba;-31,64772778;-64,09054167;Conectado
Lozano;Dr. Manuel Belgrano;Jujuy;-24,09147206;-65,4043023;Conectado
Luan Toro;Loventue;La Pampa;-36,20550833;-65,09892222;Conectado
Lucas Gonzalez;Nogoya;Entre Rios;-32,38880556;-59,52877222;Conectado
Lucas Monteverde;25 de Mayo;Buenos Aires;-35,485103;-59,989922;Conectado
Lucio V Mansilla;Tulumba;Cordoba;-29,802278;-64,708222;Conectado
Lujan;Lujan;Buenos Aires;-34,579061;-59,109503;Conectado
Macia;Tala;Entre Rios;-32,17038889;-59,39627778;Conectado
Maciel;San Jeronimo;Santa Fe;-32,46122222;-60,89463889;Conectado
Magdala;Pehuajo;Buenos Aires;-36,08532;-61,722633;Conectado
Maimara;Tilcara;Jujuy;-23,635;-65,413889;Conectado
Makalle;General Donovan;Chaco;-27,20838007;-59,28647758;Conectado
Malargüe;Malargüe;Mendoza;-35,46592778;-69,58894722;Conectado
Malena;Rio Cuarto;Cordoba;-33,49053014;-64,43718517;Conectado
Manfredi;Rio Segundo;Cordoba;-31,846425;-63,74310833;Conectado
Manuel Ocampo;Pergamino;Buenos Aires;-33,765386;-60,650369;Conectado
Maquinchao;25 de Mayo;Rio Negro;-41,25723889;-68,70060278;Conectado
Mar Azul;Villa Gesell;Buenos Aires;-37,33247155;-57,04112503;Conectado
Mar Chiquita;Mar Chiquita;Buenos Aires;-37,742686;-57,433025;Conectado
Mar de Cobo;Mar Chiquita;Buenos Aires;-37,773969;-57,453917;Conectado
Mar del Plata;General Pueyrredon;Buenos Aires;-37,9973778;-57,5503917;Conectado
Marayes;Caucete;San Juan;-31,46315;-67,3507833;Conectado
Marcelino Ugarte;9 de Julio;Buenos Aires;-35,351789;-60,745025;Conectado
Marcos Juarez;Marcos Juarez;Cordoba;-32,692886;-62,089983;Conectado
Marcos Paz Silica;Marcos Paz;Buenos Aires;-34,85748611;-58,89065;Conectado
Margarita;Vera;Santa Fe;-29,69028596;-60,24795493;Conectado
Maria Grande;Parana;Entre Rios;-31,66416389;-59,89933611;Conectado
Mariano Benitez;Pergamino;Buenos Aires;-33,70775;-60,584667;Conectado
Mariano H. Alfonso;Pergamino;Buenos Aires;-33,91575;-60,836028;Conectado
Mariano Moreno;Zapala;Neuquen;-38,759059;-70,036807;Conectado
Matara;Juan F. Ibarra;Santiago del Estero;-28,11147222;-63,19130556;Conectado
Mayor Buratovich;Villarino;Buenos Aires;-39,26159167;-62,61654722;Conectado
Mendoza;Capital;Mendoza;-32,88315278;-68,828325;Conectado
Mendoza.;Capital;Mendoza;-32,88315278;-68,828325;Conectado
Mercedes;Mercedes;Buenos Aires;-34,675156;-59,440553;Conectado
Milagro;General Ocampo;La Rioja;-31,00827778;-65,99105833;Conectado
Ministerio de Modernizacion;Ciudad de Buenos Aires;CABA;-34,60133333;-58,37766667;Conectado
Ministro Ramos Mexia;9 de Julio;Rio Negro;-40,5077;-67,26141111;Conectado
Miraflores;Capayan;Catamarca;-28,5979916;-65,9039055;Conectado
Miraflores.;San Pedro;Jujuy;-24,22513889;-64,82227778;Conectado
Misarrumi;Rinconada;Jujuy;-22,25944444;-66,36722222;Conectado
Mision Chaqueña;Gral.J. de San Martin;Salta;-23,25973333;-63,74334167;Conectado
Mision Km 6;Gral.J. de San Martin;Salta;-22,51030556;-63,75091667;Conectado
Mocoreta;Monte Caseros;Corrientes;-30,61536111;-57,97052778;Conectado
Moises Ville;San Cristobal;Santa Fe;-30,72083333;-61,47138889;Conectado
Molinos;Molinos;Salta;-25,43830556;-66,29777778;Conectado
Monigotes;San Cristobal;Santa Fe;-30,49183333;-61,633875;Conectado
Monje;San Jeronimo;Santa Fe;-32,35336111;-60,94336111;Conectado
Monte Coman;San Rafael;Mendoza;-34,59046944;-67,87996111;Conectado
Monte de Los Gauchos;Rio Cuarto;Cordoba;-33,63819444;-63,89060278;Conectado
Monte Flores (Barrio Don Manuel);Rosario;Santa Fe;-33,0800074;-60,63552267;Conectado
Monte Potrero;Paclin;Catamarca;-28,180058;-65,662561;Conectado
Monte Quemado;Copo;Santiago del Estero;-25,81192778;-62,82836667;Conectado
Monte Ralo;Santa Maria;Cordoba;-31,908533;-64,241408;Conectado
Montefiore;9 de Julio;Santa Fe;-29,66583333;-61,86602778;Conectado
Monteros;Monteros;Tucuman;-27,16946944;-65,48888056;Conectado
Morrison;Union;Cordoba;-32,58661944;-62,83454722;Conectado
Morse;Junin;Buenos Aires;-34,758847;-60,840369;Conectado
Nahuel Niyeu;Valcheta;Rio Negro;-40,50434;-66,56407;Conectado
Napaleufu;Balcarce;Buenos Aires;-37,628944;-58,747564;Conectado
Napalpi;25 de Mayo;Chaco;-26,900689;-60,130147;Conectado
Navarro;Navarro;Buenos Aires;-35,008928;-59,281853;Conectado
Neuquen;Confluencia;Neuquen;-38,94485833;-68,07859444;Conectado
Neuquen.;Confluencia;Neuquen;-38,94485833;-68,07859444;Conectado
Niquivil;Jachal;San Juan;-30,399325;-68,696114;Conectado
Nogoya;Nogoya;Entre Rios;-32,39550833;-59,78256944;Conectado
Nonogasta;Chilecito;La Rioja;-29,301745;-67,506733;Conectado
Nuestra Señora de Talavera;Anta;Salta;-25,45956389;-63,77564167;Conectado
Nueva Esperanza;Pellegrini;Santiago del Estero;-26,19946626;-64,23832917;Conectado
Nueva Francia;Silipica;Santiago del Estero;-28,180472;-64,198139;Conectado
Nueva Lehmann;Castellanos;Santa Fe;-31,11754167;-61,51331944;Conectado
Nueva Plata;Pehuajo;Buenos Aires;-35,92114;-61,810266;Conectado
Nueva Vizcaya;Federal;Entre Rios;-30,96779722;-58,61166389;Conectado
Nuevo Pirquitas;Rinconada;Jujuy;-22,68759167;-66,45585278;Conectado
Nuevo Torino;Las Colonias;Santa Fe;-31,34305556;-61,23450833;Conectado
Obera;Obera;Misiones;-27,50046944;-55,10926667;Conectado
OHiggins;Chacabuco;Buenos Aires;-34,5838;-60,703739;Conectado
Olavarria;Olavarria;Buenos Aires;-36,885419;-60,309583;Conectado
Olegario V. Andrade;Leandro N. Alem;Misiones;-27,5701873;-55,50246352;Conectado
Oliva;Tercero Arriba;Cordoba;-32,03630964;-63,57058285;Conectado
Olivera;Lujan;Buenos Aires;-34,627317;-59,2554;Conectado
Oliveros;Iriondo;Santa Fe;-32,57426794;-60,85550496;Conectado
Oncativo;Rio Segundo;Cordoba;-31,909667;-63,681028;Conectado
Open Door;Lujan;Buenos Aires;-34,490486;-59,074358;Conectado
Oratorio;Santa Catalina;Jujuy;-22,09944444;-66,13144444;Conectado
Oro Verde;Parana;Entre Rios;-31,82996111;-60,52098889;Conectado
Orosmayo;Rinconada;Jujuy;-22,55599471;-66,35617537;Conectado
Osvaldo Magnasco;Concordia;Entre Rios;-31,313333;-58,059833;Conectado
Otumpa;;Santiago del Estero;-27,32805556;-62,22638889;Conectado
Padre Lozano;Gral.J. de San Martin;Salta;-23,21851111;-63,8470944;Conectado
Paicone;Santa Catalina;Jujuy;-22,21833333;-66,42425;Conectado
Palacios;San Cristobal;Santa Fe;-30,70794444;-61,62102778;Conectado
Palo Labrado;Paclin;Catamarca;-28,318328;-65,619367;Conectado
Palos Blancos;San Pedro;Jujuy;-24,32739444;-64,94674722;Conectado
Palpala;Palpala;Jujuy;-24,25867778;-65,21231667;Conectado
Pampa de Los Guanacos;Copo;Santiago del Estero;-26,23570407;-61,82960481;Conectado
Pampa del Infierno;Almirante Brown;Chaco;-26,50404704;-61,17636214;Conectado
Pampa Vieja;Jachal;San Juan;-30,2005666;-68,6842166;Conectado
Parada Labougle;Monte Caseros;Corrientes;-30,317325;-57,72999444;Conectado
Parada Pucheta;Paso de Los Libres;Corrientes;-29,9053454;-57,57436935;Conectado
Paraiso;San Pedro;Misiones;-26,68960267;-54,20445177;Conectado
Paraje 29;Vera;Santa Fe;-29,10313889;-60,23638889;Conectado
Paraje Cochico;General Alvear;Mendoza;-35,71336111;-67,33101944;Conectado
Paraje La Virgen;Diamante;Entre Rios;-31,91578987;-60,6517239;Conectado
Paraje Pavon ;General Lavalle;Buenos Aires;-36,712594;-56,732797;Conectado
Parana;Parana;Entre Rios;-31,74019722;-60,53439167;Conectado
Parapeti;San Pedro;Jujuy;-24,237603;-64,846572;Conectado
Parque Norte - Ciudad de Los Nidos - Vil;Colon;Cordoba;-31,29548889;-64,17578333;Conectado
Paso de La Laguna;Villaguay;Entre Rios;-31,80158333;-59,15913889;Conectado
Paso Viejo;Cruz del Eje;Cordoba;-30,76697778;-65,19025;Conectado
Pastos Chicos;Susques;Jujuy;-23,76453333;-66,43937222;Conectado
Patquia;Independencia;La Rioja;-30,04453611;-66,87872222;Conectado
Patricios;9 de Julio;Buenos Aires;-35,439027;-60,716524;Conectado
Pavon;Constitucion;Santa Fe;-33,24199722;-60,40548333;Conectado
Pavon Arriba;Constitucion;Santa Fe;-33,31085;-60,82685556;Conectado
Payogasta;Cachi;Salta;-25,04851389;-66,09693333;Conectado
Pedro Luro;Villarino;Buenos Aires;-39,502842;-62,680856;Conectado
Pehuajo;Pehuajo;Buenos Aires;-35,808664;-61,886181;Conectado
Pellegrini;Pellegrini;Buenos Aires;-36,270811;-63,157499;Conectado
Pergamino;Pergamino;Buenos Aires;-33,860639;-60,571472;Conectado
Pergamino.;Pergamino;Buenos Aires;-33,860639;-60,571472;Conectado
Perico;El Carmen;Jujuy;-24,37549722;-65,11528333;Conectado
Perito Moreno;Lago Buenos Aires;Santa Cruz;-46,58978493;-70,91364732;Conectado
Peru;Guatrache;La Pampa;-37,66251111;-64,13435;Conectado
Peyrano;Constitucion;Santa Fe;-33,5373472;-60,7986833;Conectado
Pichanal;Oran;Salta;-23,32434722;-64,22527778;Conectado
Pico Truncado;Deseado;Santa Cruz;-46,79236389;-67,94566667;Conectado
Picun Leufu;Picun Leufu;Neuquen;-39,51803056;-69,29345833;Conectado
Piedra del Aguila;Collon Cura;Neuquen;-40,047225;-70,07202778;Conectado
Piedritas;General Villegas;Buenos Aires;-34,774083;-62,983417;Conectado
Pigüe;Saavedra;Buenos Aires;-37,604389;-62,410028;Conectado
Pilar;Rio Segundo;Cordoba;-31,68173889;-63,88044444;Conectado
Pilar (Muzilli 1238);Pilar;Buenos Aires;-34,458664;-58,8661;Conectado
Pilcaniyeu;Pilcaniyeu;Rio Negro;-41,12064444;-70,71484722;Conectado
Pinamar;Pinamar;Buenos Aires;-37,117656;-56,896778;Conectado
Piñalito Sur;San Pedro;Misiones;-26,42727778;-53,84386111;Conectado
Piquirenda;Gral.J. de San Martin;Salta;-22,32455298;-63,7527204;Conectado
Pirane;Pirane;Formosa;-25,73036389;-59,10506944;Conectado
Pituil;Famatina;La Rioja;-28,57608322;-67,44584245;Conectado
Plaza Clucellas;Castellanos;Santa Fe;-31,45186593;-61,70500953;Conectado
Plaza Huincul;Confluencia;Neuquen;-38,932112;-69,192562;Conectado
Plaza Saguier;Castellanos;Santa Fe;-31,32531944;-61,66778056;Conectado
Pluma de Pato;Rivadavia;Salta;-23,37218333;-63,09787778;Conectado
Polco;Chamical;La Rioja;-30,419179;-66,346274;Conectado
Posadas;Capital;Misiones;-27,43091389;-55,890025;Conectado
Pozo de los Indios;Vera;Santa Fe;-28,94222222;-60,24888889;Conectado
Pozo Hondo;Jimenez;Santiago del Estero;-27,16297222;-64,49022222;Conectado
Pozuelos;Rio Hondo;Santiago del Estero;-27,30719444;-64,75613611;Conectado
Presidencia de La Plaza;Presidencia de La Plaza;Chaco;-27,004389;-59,834389;Conectado
Presidencia Roque Saenz Peña;Comandante Fernandez;Chaco;-26,79169444;-60,42769722;Conectado
Presidente Roca;Castellanos;Santa Fe;-31,2091638;-61,61405;Conectado
Profesor Salvador Mazza;Gral.J. de San Martin;Salta;-22,05193889;-63,68585833;Conectado
Puan;Puan;Buenos Aires;-37,549146;-62,768711;Conectado
Pueblo Bellocq _Las Garzas;La Paz;Entre Rios;-31,42843333;-59,745075;Conectado
Pueblo Gouin;Carmen de Areco;Buenos Aires;-34,49266;-59,80441;Conectado
Pueblo Independencia;Monteros;Tucuman;-27,21913056;-65,52531389;Conectado
Pueblo Santa Lucia;Vera;Santa Fe;-29,2828833;-60,4022583;Conectado
Pueblo Uranga;Rosario;Santa Fe;-33,26216111;-60,704975;Conectado
Puelen;Puelen;La Pampa;-37,34538333;-67,62198333;Conectado
Puente Lavayen;Santa Barbara;Jujuy;-24,273311;-64,706158;Conectado
Puerta de Corral Quemado;Belen;Catamarca;-27,225836;-66,922222;Conectado
Puerta de San Jose;Belen;Catamarca;-27,548972;-67,004678;Conectado
Puerto Bermejo Nuevo;Bermejo;Chaco;-26,907944;-58,54475;Conectado
Puerto Bermejo Viejo;Bermejo;Chaco;-26,928028;-58,509333;Conectado
Puerto Eva Peron;Bermejo;Chaco;-26,66416111;-58,63248333;Conectado
Puerto General San Martin;San Lorenzo;Santa Fe;-32,71692;-60,730815;Conectado
Puerto Iguazu;Iguazu;Misiones;-25,61106389;-54,56454444;Conectado
Puerto Ruiz;Gualeguay;Entre Rios;-33,22122222;-59,36337222;Conectado
Puesto de San Antonio;Capital;Santiago del Estero;-27,66358056;-64,37835278;Conectado
Puesto Sey;Susques;Jujuy;-23,94695556;-66,48796111;Conectado
Pumahuasi;Yavi;Jujuy;-22,28788889;-65,68019444;Conectado
Punta de Balasto;Santa Maria;Catamarca;-26,952478;-66,134342;Conectado
Punta de Los Llanos;General Angel V. Peñaloza;La Rioja;-30,15361111;-66,54430556;Conectado
Purmamarca;Tumbaya;Jujuy;-23,74052778;-65,50566667;Conectado
Quilino;Ischilin;Cordoba;-30,21365341;-64,49597644;Conectado
Quimili;Moreno;Santiago del Estero;-27,64094276;-62,41963553;Conectado
Quiros;La Paz;Catamarca;-28,785864;-65,111003;Conectado
Rafael Garcia;Santa Maria;Cordoba;-31,64705556;-64,25920556;Conectado
Rafael Obligado;Rojas;Buenos Aires;-34,355977;-60,782604;Conectado
Rafaela;Castellanos;Santa Fe;-31,22596396;-61,46998592;Conectado
Ramallo;Ramallo;Buenos Aires;-33,49335833;-60,01433611;Conectado
Rancagua;Pergamino;Buenos Aires;-34,030475;-60,501369;Conectado
Ranchillos;Cruz Alta;Tucuman;-26,95306389;-65,04755556;Conectado
Ranchos;General Paz;Buenos Aires;-35,519417;-58,309639;Conectado
Ranquil Norte;Malargüe;Mendoza;-36,65908056;-69,83281389;Conectado
Rapelli;Pellegrini;Santiago del Estero;-26,39255556;-64,5035;Conectado
Rauch;Rauch;Buenos Aires;-36,775611;-59,077289;Conectado
Rawson.;Chacabuco;Buenos Aires;-34,60525;-60,06969;Conectado
Real del Padre;San Rafael;Mendoza;-34,84021667;-67,76325833;Conectado
Recreo;La Paz;Catamarca;-29,28636474;-65,05546149;Conectado
Resistencia;San Fernando;Chaco;-27,45595;-58,987239;Conectado
Riacho Negro;Pilcomayo;Formosa;-25,424575;-57,79273333;Conectado
Riachuelo;Capital;Corrientes;-27,58302368;-58,74638889;Conectado
Rincon de Nogoya;Victoria;Entre Rios;-32,78113889;-59,90544444;Conectado
Rio Chico;Rio Chico;Tucuman;-27,481;-65,62085;Conectado
Rio Colorado;Pichi Mahuida;Rio Negro;-38,983275;-64,10394722;Conectado
Rio Colorado;Leales;Tucuman;-27,1501;-65,35580556;Conectado
Rio Cuarto;Rio Cuarto;Cordoba;-33,10645278;-64,38693056;Conectado
Rio Gallegos;Güer Aike;Santa Cruz;-51,6240333;-69,23635;Conectado
Rio Mayo;Rio Senguer;Chubut;-45,691042;-70,249681;Conectado
Rio Primero;Rio Primero;Cordoba;-31,334806;-63,621111;Conectado
Rio Seco;Monteros;Tucuman;-27,26566886;-65,5490522;Conectado
Rio Tala;San Pedro;Buenos Aires;-33,76966086;-59,63911192;Conectado
Rio Tercero;Tercero Arriba;Cordoba;-32,17153489;-64,09687002;Conectado
Rio Villegas;Bariloche;Rio Negro;-41,57824722;-71,50090833;Conectado
Rivera;Adolfo Alsina;Buenos Aires;-37,155926;-63,244268;Conectado
Rocamora;Uruguay;Entre Rios;-32,34185556;-58,96866667;Conectado
Rodeito;San Pedro;Jujuy;-24,27088333;-64,76883611;Conectado
Rojas;Rojas;Buenos Aires;-34,208253;-60,72754;Conectado
Roldan;San Lorenzo;Santa Fe;-32,89935;-60,91151667;Conectado
Roque Perez;Roque Perez;Buenos Aires;-35,401994;-59,340283;Conectado
Rosales;Presidente Roque Saenz Peña;Cordoba;-34,17432009;-63,15289388;Conectado
Rosario;Rosario;Santa Fe;-33,014162;-60,629902;Conectado
Rosario;Rosario;Santa Fe;-33,014162;-60,629902;Conectado
Rosario de Rio Grande;San Pedro;Jujuy;-24,30761111;-64,93117778;Conectado
Rosario del Tala;Tala;Entre Rios;-32,3029444;-59,1311333;Conectado
Roversi;Moreno;Santiago del Estero;-27,59288611;-61,94683333;Conectado
Rufino;General Lopez;Santa Fe;-34,26319444;-62,70952778;Conectado
Rumi Punco;La Cocha;Tucuman;-27,98310923;-65,57053452;Conectado
Saavedra;Saavedra;Buenos Aires;-37,762572;-62,347044;Conectado
Saforcada;Junin;Buenos Aires;-34,577542;-61,075861;Conectado
Saladillo;Saladillo;Buenos Aires;-35,634893;-59,786639;Conectado
Salliquelo;Salliquelo;Buenos Aires;-36,751767;-62,9604;Conectado
Salto;Salto;Buenos Aires;-34,30625;-60,246444;Conectado
Salto Encantado;Cainguas;Misiones;-27,08553889;-54,83634444;Conectado
Salvador Maria;Lobos;Buenos Aires;-35,300167;-59,172833;Conectado
Sampacho;Rio Cuarto;Cordoba;-33,38741389;-64,73015833;Conectado
Sampacho Silica;Sampacho;Cordoba;;;Conectado
San Agustin;Calamuchita;Cordoba;-31,97598444;-64,37764921;Conectado
San Andres de Giles;San Andres de Giles;Buenos Aires;-34,447194;-59,441972;Conectado
San Antonio;San Pedro;Jujuy;-24,2181;-64,8061;Conectado
San Antonio;Gral. Manuel Belgrano;Misiones;-26,055283;-53,736302;Conectado
San Antonio de Areco;San Antonio de Areco;Buenos Aires;-34,242144;-59,474158;Conectado
San Antonio de Los Cobres;Los Andes;Salta;-24,21747653;-66,31704704;Conectado
San Antonio Oeste;San Antonio;Rio Negro;-40,72936667;-64,95979444;Conectado
San Basilio;Rio Cuarto;Cordoba;-33,49868;-64,312453;Conectado
San Benito;Parana;Entre Rios;-31,77920581;-60,44202472;Conectado
San Carlos;Ituzaingo;Corrientes;-27,74446944;-55,90027778;Conectado
San Carlos;San Carlos;Salta;-25,893781;-65,93025;Conectado
San Carlos ;San Carlos;Mendoza;-33,7712;-69,04103889;Conectado
San Carlos de Bariloche;Bariloche;Rio Negro;-41,13321389;-71,2771;Conectado
San Carlos de Bolivar;Bolivar;Buenos Aires;-36,23825153;-61,12312154;Conectado
San Fabian;San Jeronimo;Santa Fe;-32,13619444;-60,98194444;Conectado
San Francisco;San Justo;Cordoba;-31,42003889;-62,109325;Conectado
San Gregorio;General Lopez;Santa Fe;-34,323481;-62,036482;Conectado
San Gustavo;La Paz;Entre Rios;-30,68958333;-59,39372222;Conectado
San Isidro ;Jachal;San Juan;-30,14337529;-68,70398717;Conectado
San Isidro de Lules;Lules;Tucuman;-26,916075;-65,33484444;Conectado
San Jaime de la Frontera;Federacion;Entre Rios;-30,34036111;-58,31655556;Conectado
San Javier;Adolfo Alsina;Rio Negro;-40,75176944;-63,26638611;Conectado
San Jeronimo Sud;San Lorenzo;Santa Fe;-32,878485;-61,02797022;Conectado
San Jose;Apostoles;Misiones;-27,7686277;-55,7797916;Conectado
San Jose ;Coronel Suarez;Buenos Aires;-37,50651014;-61,92107029;Conectado
San Jose de Feliciano;Feliciano;Entre Rios;-30,38419444;-58,75016667;Conectado
San Jose de Jachal;Jachal;San Juan;-30,23394444;-68,747;Conectado
San Jose de La Cocha;La Cocha;Tucuman;-27,73188611;-65,58468333;Conectado
San Jose de Las Salinas;Tulumba;Cordoba;-30,00833744;-64,62203346;Conectado
San Jose Villa;Santa Maria;Catamarca;-26,805606;-66,072725;Conectado
San Juan;Capital;San Juan;-31,5172388;-68,5119083;Conectado
San Juan de Oros;Santa Catalina;Jujuy;-22,22538333;-66,24793333;Conectado
San Lorenzo;Saladas;Corrientes;-28,13557222;-58,76494444;Conectado
San Lorenzo;San Lorenzo;Santa Fe;-32,74825833;-60,73253333;Conectado
San Lucas;San Pedro;Jujuy;-24,26747222;-64,86437222;Conectado
San Luis;Juan Martin de Pueyrredon;San Luis;-33,295528;-66,286983;Conectado
San Marcos Sud;Union;Cordoba;-32,63026944;-62,48245;Conectado
San Martin de Los Andes;Lacar;Neuquen;-40,15097222;-71,322375;Conectado
San Miguel de Tucuman;Capital;Tucuman;-26,843875;-65,2299888;Conectado
San Miguel de Tucuman.;Capital;Tucuman;-26,84388056;-65,230025;Conectado
San Miguel del Monte;Monte;Buenos Aires;-35,447556;-58,81475;Conectado
San Nicolas;Chilecito;La Rioja;-29,117936;-67,473299;Conectado
San Nicolas de Los Arroyos;San Nicolas;Buenos Aires;-33,338883;-60,200961;Conectado
San Pedro;San Pedro;Misiones;-26,62591667;-54,11433333;Conectado
San Pedro de Jujuy;San Pedro;Jujuy;-24,23869444;-64,86322222;Conectado
San Pedro GNA;;Jujuy;-24,260833;-64,9;Conectado
San Rafael;San Rafael;Mendoza;-34,63154722;-68,34384722;Conectado
San Rafael.;San Rafael;Mendoza;-34,63154722;-68,34384722;Conectado
San Ramon de La Nueva Oran;Oran;Salta;-23,15741389;-64,33233333;Conectado
San Salvador;San Salvador;Entre Rios;-31,62430556;-58,51511111;Conectado
San Salvador de Jujuy;Dr. Manuel Belgrano;Jujuy;-24,17875833;-65,32754167;Conectado
San Sebastian;Chivilcoy;Buenos Aires;-34,9434722;-59,7043055;Conectado
San Vicente;Guarani;Misiones;-26,99398333;-54,4873;Conectado
San Vicente ;San Vicente;Buenos Aires;-35,026691;-58,434686;Conectado
San Victor;Feliciano;Entre Rios;-30,489175;-59,03319444;Conectado
Sancti Spiritu;General Lopez;Santa Fe;-34,00811111;-62,23886667;Conectado
Santa Ana;Rio Chico;Tucuman;-27,47348333;-65,68586111;Conectado
Santa Anita;Uruguay;Entre Rios;-32,17932151;-58,78968283;Conectado
Santa Catalina;Rio Cuarto;Cordoba;-33,207175;-64,433314;Conectado
Santa Catalina;Santa Catalina;Jujuy;-21,94499444;-66,05135278;Conectado
Santa Clara del Mar;Mar Chiquita;Buenos Aires;-37,842042;-57,507356;Conectado
Santa Cruz;Valle Viejo;Catamarca;-28,500486;-65,668192;Conectado
Santa Fe;Capital;Santa Fe;-31,64006944;-60,66738889;Conectado
Santa Fe.;Capital;Santa Fe;-31,64006944;-60,66738889;Conectado
Santa Florentina;Chilecito;La Rioja;-29,130618;-67,555754;Conectado
Santa Isabel;Chalileo;La Pampa;-36,232875;-66,93588889;Conectado
Santa Lucia;Monteros;Tucuman;-27,095375;-65,53571111;Conectado
Santa Lucia.;Lavalle;Corrientes;-28,97436783;-59,0988896;Conectado
Santa Maria;Santa Maria;Catamarca;-26,698689;-66,041042;Conectado
Santa Maria;Capital;Santiago del Estero;-27,94944444;-64,22102778;Conectado
Santa Regina;General Villegas;Buenos Aires;-34,54884671;-63,17312058;Conectado
Santa Rosa;Capital;La Pampa;-36,62735556;-64,271325;Conectado
Santa Rosa Ciudad;Santa Rosa;Mendoza;-33,24877778;-68,11734167;Conectado
Santa Rosa de los Leales;Leales;Tucuman;-27,13291667;-65,25911111;Conectado
Santa Teresa;Constitucion;Santa Fe;-33,44197033;-60,78543403;Conectado
Santa Trinidad;Coronel Suarez;Buenos Aires;-37,48786389;-61,92400278;Conectado
Santiago del Estero;Capital;Santiago del Estero;-27,801075;-64,268625;Conectado
Santiago Temple;Rio Segundo;Cordoba;-31,38528333;-63,41868611;Conectado
Santo Tomas;Collon Cura;Neuquen;-39,823189;-70,101491;Conectado
Santo Tome;Capital;Santa Fe;-31,65614722;-60,79196111;Conectado
Sargento Vidal;General Roca;Rio Negro;-38,68420833;-68,15688333;Conectado
Sarmiento;Totoral;Cordoba;-30,77575;-64,10851389;Conectado
Sauce de Luna;Federal;Entre Rios;-31,23784444;-59,21733056;Conectado
Sauce Montrull;Parana;Entre Rios;-31,7433472;-60,36095556;Conectado
Sauce Viejo;Capital;Santa Fe;-31,77177778;-60,8375;Conectado
Sauzal;San Pedro;Jujuy;-24,297675;-64,95749167;Conectado
Seclantas;Molinos;Salta;-25,330528;-66,245903;Conectado
Segui;Parana;Entre Rios;-31,96060278;-60,12542222;Conectado
Selva;Rivadavia;Santiago del Estero;-29,76361111;-62,04766667;Conectado
Senillosa;Confluencia;Neuquen;-39,01334722;-68,42318889;Conectado
Serrezuela;Cruz del Eje;Cordoba;-30,63915471;-65,39251412;Conectado
Sierra Colorada;9 de Julio;Rio Negro;-40,58708333;-67,75604444;Conectado
Sierra de los Padres;General Pueyrredon;Buenos Aires;-37,9369;-57,78494;Conectado
Simbol;Silipica;Santiago del Estero;-28,101083;-64,214167;Conectado
Sinsacate;Totoral;Cordoba;-30,943036;-64,094772;Conectado
Sir Leonard;La Paz;Entre Rios;-31,38955556;-59,50119444;Conectado
Socavones;Santa Maria;Cordoba;-31,52745;-64,14669444;Conectado
Soldado Maldonado;Monteros;Tucuman;-27,14471667;-65,56586944;Conectado
Solis;San Andres de Giles;Buenos Aires;-34,297386;-59,323536;Conectado
Stroeder;Patagones;Buenos Aires;-40,188158;-62,621825;Conectado
Suipacha;Suipacha;Buenos Aires;-34,776292;-59,696286;Conectado
Sunchales;Castellanos;Santa Fe;-30,946;-61,54761111;Conectado
Suncho Corral;Juan F. Ibarra;Santiago del Estero;-27,93126667;-63,43138333;Conectado
Susana;Castellanos;Santa Fe;-31,35711944;-61,5189;Conectado
Susques;Susques;Jujuy;-23,39781667;-66,36625278;Conectado
Tabossi;Parana;Entre Rios;-31,80084722;-59,93928333;Conectado
Taco Pozo;Almirante Brown;Chaco;-25,61474722;-63,26638889;Conectado
Tacural;Castellanos;Santa Fe;-30,843125;-61,5899888;Conectado
Tafi del Valle;Tafi del Valle;Tucuman;-26,84238056;-65,71021389;Conectado
Tancacha;Tercero Arriba;Cordoba;-32,23435833;-63,9839;Conectado
Tandil;Tandil;Buenos Aires;-37,29973889;-59,13361111;Conectado
Tapalque;Tapalque;Buenos Aires;-36,360978;-60,031272;Conectado
Tapso;Choya;Santiago del Estero;-28,40580556;-65,10011389;Conectado
Taquimilan;Norquin;Neuquen;-37,51212778;-70,24132778;Conectado
Tartagal;Gral.J. de San Martin;Salta;-22,52795556;-63,79389722;Conectado
Tecka;Languiñeo;Chubut;-43,500344;-70,804908;Conectado
Telen;Loventue;La Pampa;-36,26516389;-65,51265556;Conectado
Teniente Berdina;Monteros;Tucuman;-27,05102778;-65,48805556;Conectado
Teniente Origone;Villarino;Buenos Aires;-39,061344;-62,571014;Conectado
Teodelina;General Lopez;Santa Fe;-34,18320176;-61,53105927;Conectado
Termas de Rio Hondo;Rio Hondo;Santiago del Estero;-27,49858056;-64,86618889;Conectado
Tezanos Pintos;Parana;Entre Rios;-31,86907778;-60,494575;Conectado
Theobald;Constitucion;Santa Fe;-33,30974444;-60,31361111;Conectado
Tilcara;Tilcara;Jujuy;-23,57438056;-65,39497778;Conectado
Tintina;Moreno;Santiago del Estero;-26,87480556;-62,71621389;Conectado
Tio Pujio;General San Martin;Cordoba;-32,286138;-63,353455;Conectado
Toba;Vera;Santa Fe;-29,2669722;-60,1696111;Conectado
Tobantirenda;Gral.J. de San Martin;Salta;-22,15371944;-63,71164167;Conectado
Tobuna;San Pedro;Misiones;-26,471073;-53,890948;Conectado
Todd;Arrecifes;Buenos Aires;-34,034443;-60,153441;Conectado
Tolloche;Anta;Salta;-25,52497222;-63,52088611;Conectado
Tolombon;Cafayate;Salta;-26,181472;-65,94025;Conectado
Tomas Young;General Taboada;Santiago del Estero;-28,60045556;-62,18478611;Conectado
Tornquist;Tornquist;Buenos Aires;-38,105861;-62,216778;Conectado
Torres;Lujan;Buenos Aires;-34,429694;-59,131639;Conectado
Tortugas;Belgrano;Santa Fe;-32,74766111;-61,81781111;Conectado
Tostado;9 de Julio;Santa Fe;-29,22866667;-61,77727778;Conectado
Tranquitas;Gral.J. de San Martin;Salta;-22,40572436;-63,77393649;Conectado
Transito;San Justo;Cordoba;-31,424575;-63,19341944;Conectado
Trenque Lauquen;Trenque Lauquen;Buenos Aires;-35,971336;-62,748289;Conectado
Tres Algarrobos;Carlos Tejedor;Buenos Aires;-35,196;-62,772722;Conectado
Tres Cruces;Humahuaca;Jujuy;-22,91941667;-65,58652778;Conectado
Tres Lagos;Lago Argentino;Santa Cruz;-49,59894167;-71,45290278;Conectado
Tres Lomas;Tres Lomas;Buenos Aires;-36,465908;-62,865686;Conectado
Tuclame;Cruz del Eje;Cordoba;-30,7472791;-65,23772051;Conectado
Tumbaya;Tumbaya;Jujuy;-23,85431111;-65,46634167;Conectado
Tunuyan Silica;Tunuyan;Mendoza;-33,61479;-69,020645;Conectado
Tupeli;25 de Mayo;San Juan;-31,835497;-68,355148;Conectado
Unanue;Utracan;La Pampa;-37,54558889;-64,34939722;Conectado
Uquia;Humahuaca;Jujuy;-23,30180652;-65,35756183;Conectado
Urdinarrain;Gualeguaychu;Entre Rios;-32,67883333;-58,89186111;Conectado
Uribelarrea;Cañuelas;Buenos Aires;-35,123633;-58,891403;Conectado
Uriburu;Catrilo;La Pampa;-36,50879722;-63,85863611;Conectado
Urundel;Oran;Salta;-23,55672222;-64,39938333;Conectado
Urutau;Copo;Santiago del Estero;-25,71772948;-63,04505555;Conectado
Valcheta;Valcheta;Rio Negro;-40,68385278;-66,16168056;Conectado
Vallecito;Caucete;San Juan;-31,7369;-67,9836;Conectado
Vedia;Leandro N. Alem;Buenos Aires;-34,491353;-61,547914;Conectado
Venado Tuerto;General Lopez;Santa Fe;-33,75320683;-61,95782803;Conectado
Vera;Vera;Santa Fe;-29,46627778;-60,19722222;Conectado
Viale;Parana;Entre Rios;-31,87345;-60,00747222;Conectado
Vichigasta;Chilecito;La Rioja;-29,485909;-67,506996;Conectado
Victoria;Victoria;Entre Rios;-32,630175;-60,14625556;Conectado
Victorica;Loventue;La Pampa;-36,21543611;-65,43306111;Conectado
Vicuna Mackena;Rio Cuarto;Cordoba;-33,92585278;-64,38504722;Conectado
Viedma;Adolfo Alsina;Rio Negro;-40,82182222;-63,02243889;Conectado
Vilelas;Juan F. Ibarra;Santiago del Estero;-27,95880556;-62,60976944;Conectado
Villa Alsina;Baradero;Buenos Aires;-33,907189;-59,392931;Conectado
Villa Amelia;Rosario;Santa Fe;-33,17728333;-60,66563333;Conectado
Villa Atamisqui;Atamisqui;Santiago del Estero;-28,49888889;-63,81888889;Conectado
Villa Atuel;San Rafael;Mendoza;-34,83365833;-67,92318056;Conectado
Villa Belgrano;Juan B. Alberdi;Tucuman;-27,53027222;-65,61454444;Conectado
Villa Borjas ;25 de Mayo;San Juan;-31,810799;-68,328622;Conectado
Villa Campanario;Bariloche;Rio Negro;-41,10128333;-71,452175;Conectado
Villa Castelar;Puan;Buenos Aires;-37,3929833;-62,8046277;Conectado
Villa Catedral;Bariloche;Rio Negro;-41,16661389;-71,437975;Conectado
Villa Clara;Villaguay;Entre Rios;-31,83051667;-58,82408333;Conectado
Villa Clodomiro Hileret;Rio Chico;Tucuman;-27,47498056;-65,66203889;Conectado
Villa Cordoba;Lavalle;Corrientes;-28,99281111;-59,079128;Conectado
Villa de Leales;Leales;Tucuman;-27,19353406;-65,31153452;Conectado
Villa de Soto;Cruz del Eje;Cordoba;-30,85405556;-65,01383333;Conectado
Villa del Plata;Rosario;Santa Fe;-33,127075;-60,71047778;Conectado
Villa del Totoral;Totoral;Cordoba;-30,7045167;-64,05856389;Conectado
Villa del Transito;San Justo;Cordoba;-31,44573889;-63,19451111;Conectado
Villa Dominguez;Villaguay;Entre Rios;-31,986225;-58,965131;Conectado
Villa Dominguito;San Martin;San Juan;-31,560006;-68,295537;Conectado
Villa Don Bosco;San Martin;San Juan;-31,55320561;-68,33110822;Conectado
Villa El Chocon;Confluencia;Neuquen;-39,25937354;-68,79072561;Conectado
Villa El Tango;25 de Mayo;San Juan;-31,74805556;-68,24208333;Conectado
Villa Eloisa;Iriondo;Santa Fe;-32,95978056;-61,54212778;Conectado
Villa Figueroa;Figueroa;Santiago del Estero;-27,715625;-63,50668333;Conectado
Villa Fontana;Parana;Entre Rios;-31,90468056;-60,47508333;Conectado
Villa Gdor. Luis F. Etchevehere;Parana;Entre Rios;-31,9329722;-60,4276944;Conectado
Villa General San Martin;Albardon;San Juan;-31,43959167;-68,522475;Conectado
Villa General Savio;Ramallo;Buenos Aires;-33,438278;-60,147944;Conectado
Villa Gesell;Villa Gesell;Buenos Aires;-37,256008;-56,974533;Conectado
Villa Gutierrez;Ischilin;Cordoba;-30,67965696;-64,16012712;Conectado
Villa Ibañez;Ullum;San Juan;-31,46031363;-68,72215166;Conectado
Villa Independencia;Caucete;San Juan;-31,624175;-68,314042;Conectado
Villa la Angostura;Los Lagos;Neuquen;-40,76248889;-71,63949444;Conectado
Villa La Rivera;Iriondo;Santa Fe;-32,634925;-60,82102778;Conectado
Villa Laguna La Brava;Balcarce;Buenos Aires;-37,856886;-57,980419;Conectado
Villa Libertador San Martin;Diamante;Entre Rios;-32,06666667;-60,45166667;Conectado
Villa Llao Llao;Bariloche;Rio Negro;-41,05229167;-71,52444722;Conectado
Villa Los Coihues;Bariloche;Rio Negro;-41,15344444;-71,40831944;Conectado
Villa Los Llanos;Colon;Cordoba;-31,27766111;-64,16426944;Conectado
Villa Mantero;Uruguay;Entre Rios;-32,39466667;-58,74672222;Conectado
Villa Maria;General San Martin;Cordoba;-32,42468851;-63,3094768;Conectado
Villa Media Agua;Sarmiento;San Juan;-31,98258333;-68,41995;Conectado
Villa Mercedes;Jachal;San Juan;-30,103684;-68,701086;Conectado
Villa Mercedes;General Pedernera;San Luis;-33,58261111;-65,63341667;Conectado
Villa Quinteros;Monteros;Tucuman;-27,25446389;-65,54364167;Conectado
Villa Ramallo;Ramallo;Buenos Aires;-33,502018;-60,066802;Conectado
Villa Ruiz;San Andres de Giles;Buenos Aires;-34,4307416;-59,2613166;Conectado
Villa San Isidro;General Roca;Rio Negro;-38,7063027;-68,1717083;Conectado
Villa San Jose;Castellanos;Santa Fe;-31,33634422;-61,62032442;Conectado
Villa San Justo;Uruguay;Entre Rios;-32,44892778;-58,43461667;Conectado
Villa San Marcial;Uruguay;Entre Rios;-32,17997222;-58,92969444;Conectado
Villa San Martin;San Martin;San Juan;-31,516721;-68,351313;Conectado
Villa San Martin _Est Loreto;Loreto;Santiago del Estero;-28,30162537;-64,18963042;Conectado
Villa Santa Rosa;25 de Mayo;San Juan;-31,74555556;-68,315;Conectado
Villa Trinidad;San Cristobal;Santa Fe;-30,22283124;-61,86862626;Conectado
Villa Tulumaya;Lavalle;Mendoza;-32,71966389;-68,58938056;Conectado
Villa Union;Coronel Felipe Varela;La Rioja;-29,314181;-68,218968;Conectado
Villa Vil;Belen;Catamarca;-27,093541;-66,823508;Conectado
Villaguay;Villaguay;Entre Rios;-31,86368889;-59,03486111;Conectado
Villalonga;Patagones;Buenos Aires;-39,911217;-62,615278;Conectado
Villanueva;General Paz;Buenos Aires;-35,675036;-58,435992;Conectado
Viña;Arrecifes;Buenos Aires;-33,989853;-60,23051;Conectado
Viñalito;Santa Barbara;Jujuy;-23,66794444;-64,41530556;Conectado
Vista Alegre Norte;Confluencia;Neuquen;-38,73098056;-68,17393056;Conectado
Vista Alegre Sur;Confluencia;Neuquen;-38,771625;-68,13476944;Conectado
Volcan;Tumbaya;Jujuy;-23,91780556;-65,46397222;Conectado
Winifreda;Conhelo;La Pampa;-36,23148611;-64,23697778;Conectado
Yacuy;Gral.J. de San Martin;Salta;-22,37033056;-63,76916944;Conectado
Yala;Dr. Manuel Belgrano;Jujuy;-24,118611;-65,401667;Conectado
Yapes;Santa Maria;Catamarca;-26,84455556;-66,078025;Conectado
Yavi;Yavi;Jujuy;-22,13191667;-65,45983333;Conectado
Yavi Chico;Yavi;Jujuy;-22,09991667;-65,45866667;Conectado
Yerba Buena Tucuman cambia por San Pablo Catamarca ;Yerba Buena;Tucuman;-26,811678;-65,265672;Conectado
Yuto;Ledesma;Jujuy;-23,64161111;-64,47055;Conectado
Zapala;Zapala;Neuquen;-38,89735;-70,066825;Conectado
Zarate;Zarate;Buenos Aires;-34,105194;-59,048278;Conectado
Zavalia;General Viamonte;Buenos Aires;-34,89458;-61,007927;Conectado
